{
  "strategy": "sector_weighted",
  "method": "bayesian",
  "best_sharpe": -1.7167915826976714,
  "weights": {
    "LC": 2.818911077234607,
    "VS": 1.3966420940880335,
    "BO": 1.2000739713344637,
    "RS": 1.1050015729768274,
    "VCP": 0.7480956814217009,
    "GG": 0.5278375239881188
  },
  "stats": {
    "CAGR": -0.665635587671985,
    "MDD": -0.9979333364394112
  }
}