LC,VS,BO,RS,VCP,GG,CAGR,Vol,Sharpe,MDD,Days
2.818911077234607,1.3966420940880335,1.2000739713344637,1.1050015729768274,0.7480956814217009,0.5278375239881188,-0.665635587671985,0.5130038914800298,-1.7167915826976714,-0.9979333364394112,1379
1.3689748475364891,1.0768773618256366,1.0319219951039047,1.3984786756232535,0.7379055574616272,0.45410984752169337,-0.687407044827608,0.5306149424081537,-1.7703093665312992,-0.9984919937959688,1379
2.5733365621020683,1.1817552264162168,1.1514106897518348,1.160141268155332,0.7405628092609087,0.4760488381872967,-0.6982064821193628,0.5340918908118424,-1.8252188477852027,-0.998605209526525,1379
2.8014534525375305,1.3962251195978386,1.1781351136474272,1.0818905026231143,0.7495975347479434,0.4779138338726557,-0.6954754752572638,0.5242652701079318,-1.850260595491496,-0.9987006383430296,1379
1.6020819785009348,1.2429367387651644,1.0921592528492354,1.3925169590441424,0.65735850100682,0.4930534075661817,-0.7049659416756384,0.5326266298908909,-1.8617162647126553,-0.9989412943416164,1379
