일자,종가,대비,등락률,순자산가치(NAV),시가,고가,저가,거래량,거래대금,시가총액,순자산총액,상장좌수,기초지수_지수명,기초지수_종가,기초지수_대비,기초지수_등락률
"2026/09/14","105410","4090","-3.74","105660.10","105745","107135","104950","25008928","2648867428932","24312816500000","24418048340212","230650000","코스피 200","1050.83","39.39","-3.61"
"2026/09/11","109500","2365","-2.11","109615.66","107720","110210","107565","26031068","2831580367985","25283550000000","25282852005865","230900000","코스피 200","1090.22","21.91","-1.97"
"2026/09/10","111865","235","-0.21","111808.68","111815","112405","109350","24523748","2722508003570","25952680000000","25816624703385","232000000","코스피 200","1112.13","2.48","-0.22"
"2026/09/09","112100","1765","1.60","112064.88","110640","113260","110550","24388329","2730874974116","26057645000000","25999051404127","232450000","코스피 200","1114.61","14.53","1.32"
"2026/09/08","110335","485","-0.44","110604.20","111860","114260","110320","28659671","3225731629722","25619787000000","25709947314285","232200000","코스피 200","1100.08","5.11","-0.46"
"2026/09/07","110820","5100","4.82","111120.62","109500","110875","108825","18578602","2042485881924","25682535000000","25802206853758","231750000","코스피 200","1105.19","53.67","5.10"
"2026/09/04","105720","2110","2.04","105733.60","105005","106785","104705","20998563","2216831099306","24558756000000","24503761126455","232300000","코스피 200","1051.52","18.70","1.81"
"2026/09/03","103610","110","0.11","103846.89","104920","105550","100000","26133074","2718765446155","24078964000000","24123632667460","232400000","코스피 200","1032.82","1.29","0.13"
"2026/09/02","103500","4385","-4.06","103712.16","104525","105675","103485","21280421","2221910695888","24146550000000","24102706636636","233300000","코스피 200","1031.53","43.77","-4.07"
"2026/09/01","107885","270","0.25","108117.20","106630","108415","106090","21997851","2363659740532","25061685500000","25223742979869","232300000","코스피 200","1075.30","3.45","0.32"
"2026/08/31","107615","435","0.41","107762.92","104455","107615","103015","20845744","2198757568854","25025868250000","25033326033361","232550000","코스피 200","1071.85","6.15","0.58"
"2026/08/28","107180","1955","-1.79","107156.45","108045","109270","107050","21388836","2307097240450","25053325000000","24919232442940","233750000","코스피 200","1065.70","22.91","-2.10"
"2026/08/27","109135","1425","1.32","109431.83","110900","110910","108195","18603034","2036158226301","25488479250000","25579690038273","233550000","코스피 200","1088.61","17.45","1.63"
"2026/08/26","107710","915","0.86","107680.57","106350","109120","105850","20485425","2206975429531","24961792500000","25148796367986","231750000","코스피 200","1071.16","10.48","0.99"
"2026/08/25","106795","800","0.75","106628.26","103035","106795","101105","18853969","1961506569973","24813818250000","24711100353729","232350000","코스피 200","1060.68","6.67","0.63"
"2026/08/24","105995","3985","-3.62","105942.72","109495","109500","105290","16347489","1747621639772","24945923250000","24615790752113","235350000","코스피 200","1054.01","42.24","-3.85"
"2026/08/21","109980","1790","1.65","110190.81","106835","110860","106460","33240038","3638952836947","25784811000000","25933407658938","234450000","코스피 200","1096.25","15.27","1.41"
"2026/08/20","108190","6430","6.32","108657.77","104975","109380","103660","33024560","3563604012556","25440878500000","25474813891225","235150000","코스피 200","1080.98","68.37","6.75"
"2026/08/19","101760","6790","-6.26","101776.61","102635","104040","100655","20456444","2089198554331","23989920000000","23932769655834","235750000","코스피 200","1012.61","69.39","-6.41"
"2026/08/18","108550","1510","-1.37","108739.54","113010","114710","107220","20274228","2241485682323","25634082500000","25635345546543","236150000","코스피 200","1082.00","16.18","-1.47"
"2026/08/14","110060","2790","2.60","110371.90","110220","110800","108145","17088038","1871747637027","26001675000000","26064323247966","236250000","코스피 200","1098.18","26.94","2.51"
"2026/08/13","107270","4020","3.89","107650.84","107030","108930","106440","18227047","1963577093264","25256721500000","25432509921759","235450000","코스피 200","1071.24","41.81","4.06"
"2026/08/12","103250","3985","4.01","103464.35","100550","104990","100240","15084783","1555307616908","24119200000000","24360681004091","233600000","코스피 200","1029.43","42.03","4.26"
"2026/08/11","99265","1000","1.02","99224.15","97570","100350","96650","14065397","1391450049502","23014590250000","23178762287104","231850000","코스피 200","987.40","9.56","0.98"
"2026/08/10","98265","175","0.18","98250.40","98835","100345","97260","13128894","1293792635144","22522338000000","22779356208586","229200000","코스피 200","977.84","3.11","0.32"
"2026/08/07","98090","810","-0.82","97949.38","99800","100880","96515","14130664","1389032242878","22550891000000","22449998213896","229900000","코스피 200","974.73","8.19","-0.83"
"2026/08/06","98900","5400","-5.18","98738.44","102060","103220","98030","14845527","1477628842169","23009085000000","22699967268019","232650000","코스피 200","982.92","55.67","-5.36"
"2026/08/05","104300","3970","3.96","104335.70","105050","105660","103300","18191398","1905066267484","24244535000000","24273700599192","232450000","코스피 200","1038.59","38.56","3.86"
"2026/08/04","100330","1225","1.24","100450.72","100720","101110","95720","21430764","2110229469879","23768177000000","23349770220092","236900000","코스피 200","1000.03","13.31","1.35"
"2026/08/03","99105","9715","-8.93","99117.94","101980","102000","98355","27169695","2704425368306","22397730000000","23481040216516","226000000","코스피 200","986.72","60.09","-5.74"
"2026/07/31","108820","21185","24.17","105156.98","97905","110000","97475","34727609","3573025360082","24593320000000","23765478432074","226000000","코스피 200","1046.81","174.32","19.98"
"2026/07/30","87635","1790","-2.00","87653.14","89325","94300","86785","40431123","3619174106265","19805510000000","19809609599762","226000000","코스피 200","872.49","14.71","-1.66"
"2026/07/29","89605","6070","-6.34","89138.64","96615","98910","82710","38902565","3507052291577","20219368250000","20145332451503","225650000","코스피 200","887.20","58.49","-6.18"
"2026/07/28","95675","12055","-11.19","95203.53","101555","101900","94810","21909756","2131856930825","21488605000000","21482675774829","224600000","코스피 200","945.69","123.53","-11.55"
"2026/07/27","107730","1365","1.28","107626.42","108800","108800","103990","15613649","1660787270591","24217704000000","24172893124039","224800000","코스피 200","1069.22","13.64","1.29"
"2026/07/24","106365","6865","-6.06","106248.95","111530","111685","105445","16981074","1826163886870","24022535250000","23884763111130","225850000","코스피 200","1055.58","70.75","-6.28"
"2026/07/23","113230","4915","4.54","113375.02","111220","113600","110150","13470411","1512176597586","25442781000000","25605748258093","224700000","코스피 200","1126.33","46.11","4.27"
"2026/07/22","108315","175","0.16","108722.54","113570","115000","108315","18621312","2095860895177","24387122250000","24429955778893","225150000","코스피 200","1080.22","6.83","0.64"
"2026/07/21","108140","4045","3.89","108060.02","103805","109695","102455","20630435","2205802366430","24407198000000","24329714200175","225700000","코스피 200","1073.39","40.87","3.96"
"2026/07/20","104095","4905","-4.50","103935.71","104250","108950","103020","24229515","2552391699252","23535879500000","23458289245758","226100000","코스피 200","1032.52","47.84","-4.43"
"2026/07/16","109000","7735","-6.63","108746.33","111120","111735","107145","20103895","2192881456013","24377850000000","24587545326298","223650000","코스피 200","1080.36","83.54","-7.18"
"2026/07/15","116735","7015","6.39","117145.18","116585","119470","115550","21886708","2572591016280","26037741750000","26199518565245","223050000","코스피 200","1163.90","71.67","6.56"
"2026/07/14","109720","900","0.83","109938.07","108820","111880","102785","33989327","3671793634825","24094512000000","24521686838106","219600000","코스피 200","1092.23","13.45","1.25"
"2026/07/13","108820","11785","-9.77","108583.09","119630","121305","108100","28358089","3182849921943","23793493000000","23844845626362","218650000","코스피 200","1078.78","117.91","-9.85"
"2026/07/10","120605","2905","2.47","120450.15","122250","124395","119630","21935200","2681250543384","26207466500000","26336424797490","217300000","코스피 200","1196.69","26.96","2.30"
"2026/07/09","117700","835","0.71","117715.96","121315","122080","113760","25543395","3017773065667","25423200000000","25579678475931","216000000","코스피 200","1169.73","11.36","0.98"
"2026/07/08","116865","6845","-5.53","116598.20","119975","125895","115560","28898857","3460141078410","25155191250000","25185210667909","215250000","코스피 200","1158.37","67.20","-5.48"
"2026/07/07","123710","6415","-4.93","123362.61","127350","128695","118870","23459803","2871155518945","26288375000000","26553802480299","212500000","코스피 200","1225.57","67.56","-5.22"
"2026/07/06","130125","885","-0.68","130165.59","132760","134720","126000","20416755","2659362943393","27306731250000","27660188376919","209850000","코스피 200","1293.13","6.17","-0.47"
"2026/07/03","131010","7480","6.06","130791.06","124385","131765","118650","25609740","3211367274678","27394191000000","27446503530161","209100000","코스피 200","1299.30","79.68","6.53"
"2026/07/02","123530","10995","-8.17","122805.42","127565","131225","121950","24238689","3071761996965","25651004500000","25678613468492","207650000","코스피 200","1219.62","115.74","-8.67"
"2026/07/01","134525","4055","-2.93","134413.86","139670","140555","131615","16469581","2230970669869","28102272500000","27911038847920","208900000","코스피 200","1335.36","35.37","-2.58"
"2026/06/30","138580","2165","1.59","137984.10","136405","141290","133305","17098232","2355635656446","29053297000000","28824878620625","209650000","코스피 200","1370.73","18.19","1.34"
"2026/06/29","136415","965","-0.70","136164.08","136495","138710","131920","22249173","3007820453315","28715357500000","28546799944240","210500000","코스피 200","1352.54","13.95","-1.02"
"2026/06/26","137380","8450","-5.79","137505.43","143990","144850","132595","29479487","4057962911325","29495486000000","28944892860394","214700000","코스피 200","1366.49","87.66","-6.03"
"2026/06/25","145830","7685","5.56","146297.83","145980","148120","143120","17200294","2511303989788","31484697000000","31410144303645","215900000","코스피 200","1454.15","84.53","6.17"
"2026/06/24","138145","5325","4.01","137828.59","134645","139495","130855","32994512","4503732723712","30322827500000","29757191853728","219500000","코스피 200","1369.62","47.92","3.63"
"2026/06/23","132820","15535","-10.47","133009.82","148310","149200","132500","32931869","4605774556206","29087580000000","29195655564029","219000000","코스피 200","1321.70","155.52","-10.53"
"2026/06/22","148355","1445","0.98","148629.96","144690","150735","144345","19335392","2862533894886","32779037250000","32549961562276","220950000","코스피 200","1477.22","17.74","1.22"
"2026/06/19","146910","35","-0.02","146848.91","149000","152455","143100","26620203","3945646296286","32760930000000","32446266971269","223000000","코스피 200","1459.48","0.25","0.02"
"2026/06/18","146945","4890","3.44","146823.82","142305","147180","142180","20153826","2920825993754","32754040500000","32741712810586","222900000","코스피 200","1459.23","42.26","2.98"
"2026/06/17","142055","2505","1.80","142561.89","137720","142350","137610","16301201","2288510651182","31166867000000","31777045922536","219400000","코스피 200","1416.97","25.23","1.81"
"2026/06/16","139550","3260","2.39","140017.60","139500","140425","136650","16326022","2271868119641","30163732500000","30719860975797","216150000","코스피 200","1391.74","31.48","2.31"
"2026/06/15","136290","7020","5.43","136861.95","136320","137990","135720","21585193","2954894832243","29745292500000","29582710789704","218250000","코스피 200","1360.26","68.94","5.34"
"2026/06/12","129270","5420","4.38","129938.89","131505","135360","129260","23629787","3143998058521","28213177500000","28359162282520","218250000","코스피 200","1291.32","59.78","4.85"
"2026/06/11","123850","55","0.04","123879.35","119145","124875","117840","13788825","1681823327475","27030262500000","27036667832011","218250000","코스피 200","1231.54","4.42","0.36"
"2026/06/10","123795","6335","-4.87","123497.11","125915","128025","120360","17940673","2216875156003","27272038500000","26953243826659","220300000","코스피 200","1227.12","66.28","-5.12"
"2026/06/09","130130","10570","8.84","130142.49","124780","130445","121410","18130146","2292303401978","28472444000000","28670391197533","218800000","코스피 200","1293.40","106.86","9.01"
"2026/06/08","119560","11470","-8.75","119406.76","119015","125665","117930","28098581","3413734667022","26189618000000","26126199950938","219050000","코스피 200","1186.54","110.48","-8.52"
"2026/06/05","131030","7700","-5.55","130551.81","133445","134560","128485","24790445","3252339339845","28754533500000","28597374207950","219450000","코스피 200","1297.02","82.54","-5.98"
"2026/06/04","138730","2845","-2.01","138874.15","138375","140970","137460","17958598","2500404914460","30187648000000","30475931298841","217600000","코스피 200","1379.56","27.67","-1.97"
"2026/06/02","141575","180","0.13","141658.61","142700","143645","136430","25782083","3600942916104","30551885000000","30824912631173","215800000","코스피 200","1407.23","7.32","0.52"
"2026/06/01","141395","6580","4.88","140911.67","135000","142310","134815","25511969","3584492814075","30880668000000","30408738696293","218400000","코스피 200","1399.91","57.09","4.25"
"2026/05/29","134815","4825","3.71","135150.70","133530","134950","132000","18852382","2525014806132","29484040500000","29516912682249","218700000","코스피 200","1342.82","50.25","3.89"
"2026/05/28","129990","610","-0.47","130069.55","129535","131300","124255","23583705","3033094380663","28285824000000","28446210254402","217600000","코스피 200","1292.57","6.29","-0.48"
"2026/05/27","130600","3845","3.03","130689.88","129745","134855","129645","28161697","3740483057743","28163890000000","28438118174310","215650000","코스피 200","1298.86","38.33","3.04"
"2026/05/26","126755","3405","2.76","126816.88","126380","128250","125850","17406514","2214500638553","27524848250000","27348061056206","217150000","코스피 200","1260.53","34.50","2.81"
"2026/05/22","123350","290","0.24","123328.11","124105","124140","122120","18073093","2228655072864","26754615000000","26780699840501","216900000","코스피 200","1226.03","0.81","0.07"
"2026/05/21","123060","9720","8.58","123239.93","117695","123320","117525","19375734","2351044340251","26734785000000","26730741266762","217250000","코스피 200","1225.22","99.71","8.86"
"2026/05/20","113340","975","-0.85","113205.09","114795","115120","110485","22359555","2512841351764","24492774000000","24593805622294","216100000","코스피 200","1125.51","6.91","-0.61"
"2026/05/19","114315","3525","-2.99","113905.17","116105","116480","111755","22841558","2606372525049","24714903000000","24614907871971","216200000","코스피 200","1132.42","38.88","-3.32"
"2026/05/18","117840","640","0.55","117819.77","116060","119900","111545","26713441","3111640644885","25147056000000","25472633219573","213400000","코스피 200","1171.30","8.91","0.77"
"2026/05/15","117200","7655","-6.13","116936.58","124535","126140","115095","30488390","3657273920748","24998760000000","24954266510747","213300000","코스피 200","1162.39","80.78","-6.50"
"2026/05/14","124855","2200","1.79","125053.29","122790","125412","122605","23542845","2920084078171","26500473750000","26673867044875","212250000","코스피 200","1243.17","23.00","1.88"
"2026/05/13","122655","3555","2.98","122727.88","116485","122795","114905","23232596","2779462759078","25947665250000","26048993139189","211550000","코스피 200","1220.17","36.76","3.11"
"2026/05/12","119100","2705","-2.22","119029.00","124065","124800","115645","32050394","3845871580341","25284930000000","25180585591951","212300000","코스피 200","1183.41","28.03","-2.31"
"2026/05/11","121805","5995","5.18","121854.82","120630","123305","119900","27029568","3292696193348","26169804250000","25869778769246","214850000","코스피 200","1211.44","60.27","5.24"
"2026/05/08","115810","190","0.16","115782.38","113000","115870","112660","21327494","2442240799713","24986007500000","24875843818070","215750000","코스피 200","1151.17","1.31","0.11"
"2026/05/07","115620","2350","2.07","115637.16","115305","116180","111635","26974175","3077641058505","25014387000000","24948717786416","216350000","코스피 200","1149.86","20.23","1.79"
"2026/05/06","113270","7975","7.57","113580.77","111460","114320","110500","29550199","3334600979066","24721177500000","24573199739068","218250000","코스피 200","1129.63","79.97","7.62"
"2026/05/04","105295","5390","5.40","105509.31","102530","105300","101865","18089459","1881973742735","23085928750000","23027406469562","219250000","코스피 200","1049.66","57.51","5.80"
"2026/04/30","99905","1140","-1.13","99720.96","101755","102230","99845","16456253","1656348516423","21904171250000","21863819877194","219250000","코스피 200","992.15","14.44","-1.43"
"2026/04/29","101045","790","0.79","101172.04","99750","101300","99520","12365723","1242194360854","22154116250000","22181969875787","219250000","코스피 200","1006.59","7.56","0.76"
"2026/04/28","100700","460","0.46","100397.87","100855","102055","100420","14306466","1447912613240","22169105000000","22012233314834","220150000","코스피 200","999.03","3.70","0.37"
"2026/04/27","100240","2240","2.29","100471.90","98985","101165","98905","15757181","1579271989119","22278340000000","22118888451096","222250000","코스피 200","995.33","23.46","2.41"
"2026/04/24","98000","355","-0.36","98109.03","98695","99030","96910","16267003","1593207967421","21912800000000","21804732568980","223600000","코스피 200","971.87","3.75","-0.38"
"2026/04/23","98355","1055","1.08","98485.04","98435","99855","95675","23967308","2353889813571","22065944250000","22021254570944","224350000","코스피 200","975.62","11.10","1.15"
"2026/04/22","97300","380","0.39","97371.55","96985","97400","95840","18496018","1791766442803","21731955000000","21845306930043","223350000","코스피 200","964.52","2.26","0.23"
"2026/04/21","96920","2420","2.56","97137.73","95680","97010","95625","18194786","1758714070562","21903920000000","21695711734526","226000000","코스피 200","962.26","26.51","2.83"
"2026/04/20","94500","450","0.48","94468.65","94485","95435","93755","14275549","1352694117287","21300300000000","21349915642596","225400000","코스피 200","935.75","4.34","0.47"
"2026/04/17","94050","660","-0.70","94028.48","94555","94685","93630","13116521","1234915849692","21354052500000","21194020357830","227050000","코스피 200","931.41","6.46","-0.69"
"2026/04/16","94710","2045","2.21","94681.31","93460","94755","93035","16849470","1587073209024","21849597000000","21497391137603","230700000","코스피 200","937.87","21.27","2.32"
"2026/04/15","92665","2235","2.47","92541.94","93405","94180","92205","22556415","2104599222889","21521446250000","21349426677728","232250000","코스피 200","916.60","19.60","2.19"
"2026/04/14","90430","2550","2.90","90559.87","90245","91600","89955","17031936","1547278107823","20753685000000","21032529337194","229500000","코스피 200","897.00","26.22","3.01"
"2026/04/13","87880","775","-0.87","87912.03","86465","88090","86410","13658534","1196192645100","20260734000000","20175809892679","230550000","코스피 200","870.78","8.00","-0.91"
"2026/04/10","88655","1405","1.61","88715.15","88795","89805","88520","12112242","1078860254537","20200041750000","20453278533227","227850000","코스피 200","878.78","13.03","1.51"
"2026/04/09","87250","1750","-1.97","87412.22","88310","88735","87070","20553049","1801302309571","19705412500000","19916874663335","225850000","코스피 200","865.75","17.06","-1.93"
"2026/04/08","89000","6230","7.53","89121.61","87850","90070","87400","29329013","2598944245126","20100650000000","20128116480789","225850000","코스피 200","882.81","61.71","7.52"
"2026/04/07","82770","1020","1.25","82929.31","83555","84385","81685","19650427","1629374150130","18573588000000","18729585488835","224400000","코스피 200","821.10","9.26","1.14"
"2026/04/06","81750","1175","1.46","82002.51","81410","82855","81207","13066649","1070304761980","18312000000000","18401364284835","224000000","코스피 200","811.84","13.52","1.69"
"2026/04/03","80575","2385","3.05","80647.71","80210","81200","79605","14703488","1184866376189","17392113750000","18065086109350","215850000","코스피 200","798.32","23.69","3.06"
"2026/04/02","78190","3980","-4.84","78272.78","83215","83755","77020","34620279","2754705184651","16658379500000","16895179008023","213050000","코스피 200","774.63","39.21","-4.82"
"2026/04/01","82170","6740","8.94","82198.57","79935","82810","78885","22033489","1786391784886","17584380000000","17512405800314","214000000","코스피 200","813.84","69.27","9.30"
"2026/03/31","75430","3250","-4.13","75252.56","76285","78075","75110","23751281","1810749176999","16096762000000","16104048563221","213400000","코스피 200","744.57","35.75","-4.58"
"2026/03/30","78680","2545","-3.13","78828.01","77325","79150","76705","17986759","1408241157570","16554272000000","16821896931240","210400000","코스피 200","780.32","24.87","-3.09"
"2026/03/27","81225","375","-0.46","81194.79","78885","81545","77740","16138206","1283698675600","16638941250000","17083383962732","204850000","코스피 200","805.19","3.70","-0.46"
"2026/03/26","81600","2910","-3.44","81558.37","83600","83765","81220","17119972","1407280001943","16838160000000","16707232688118","206350000","코스피 200","808.89","29.81","-3.55"
"2026/03/25","84510","1005","1.20","84520.45","85300","86455","84300","16581770","1413954689303","17747100000000","17440795500243","210000000","코스피 200","838.70","11.06","1.34"
"2026/03/24","83505","2480","3.06","83415.57","84735","84820","80890","25572404","2122075361274","17561101500000","17517269763427","210300000","코스피 200","827.64","22.78","2.83"
"2026/03/23","81025","5635","-6.50","81077.89","83165","83360","80655","31562963","2577433599436","17148941250000","17050680260177","211650000","코스피 200","804.86","57.64","-6.68"
"2026/03/20","86660","90","-0.10","86861.53","87330","87750","86505","14345898","1249080969346","17613645000000","18384242589994","203250000","코스피 200","862.50","0.13","0.02"
"2026/03/19","86750","2620","-2.93","86850.98","86275","88395","86230","19623205","1706343480873","17814112500000","17652461765881","205350000","코스피 200","862.37","26.20","-2.95"
"2026/03/18","89370","4735","5.59","89468.35","86640","89580","86610","20662546","1825333778834","18798979500000","18372326301714","210350000","코스피 200","888.57","47.68","5.67"
"2026/03/17","84635","1650","1.99","84683.47","85700","85925","84520","17037815","1453343322423","17951083500000","17813167737934","212100000","코스피 200","840.89","14.06","1.70"
"2026/03/16","82985","1445","1.77","83277.23","81960","83155","81235","17076998","1408633692924","17547178250000","17663099792654","211450000","코스피 200","826.83","13.90","1.71"
"2026/03/13","81540","1660","-2.00","81873.83","80090","82515","79925","18409995","1501007081878","17225325000000","17312221075236","211250000","코스피 200","812.93","14.58","-1.76"
"2026/03/12","83200","625","-0.75","83330.44","83065","84092","82380","12702617","1055786221002","17538560000000","17603554620080","210800000","코스피 200","827.51","6.54","-0.78"
"2026/03/11","83825","925","1.12","84001.38","84950","86085","83045","20831097","1769327879153","17871490000000","17707491390193","213200000","코스피 200","834.05","11.03","1.34"
"2026/03/10","82900","4670","5.97","82886.30","82700","83990","81025","22322816","1845731747109","17491900000000","17671359782215","211000000","코스피 200","823.02","47.71","6.15"
"2026/03/09","78230","5330","-6.38","78105.50","77625","78955","75595","32610066","2516870366670","16275751500000","16480259556095","208050000","코스피 200","775.31","53.52","-6.46"
"2026/03/06","83560","10","-0.01","83476.79","81755","83800","80250","25625903","2118237796972","17681296000000","17367346540952","211600000","코스피 200","828.83","2.39","-0.29"
"2026/03/05","83570","7670","10.11","83714.44","84015","86700","82175","43909100","3704743089404","17792053000000","17713974879475","212900000","코스피 200","831.22","74.43","9.83"
"2026/03/04","75900","10805","-12.46","76238.72","83280","85100","75735","70124750","5560449110837","15885870000000","16231224427512","209300000","코스피 200","756.79","102.61","-11.94"
"2026/03/03","86705","7415","-7.88","86546.31","92035","92790","86705","39338166","3526239799688","17982617000000","18114142441785","207400000","코스피 200","859.40","73.94","-7.92"
"2026/02/27","94120","905","-0.95","93969.31","92990","95720","92480","32570375","3063336476600","19496958000000","19489234200366","207150000","코스피 200","933.34","10.68","-1.13"
"2026/02/26","95025","4135","4.55","95048.86","91555","95095","91325","24723198","2312333944452","19432612500000","19689371204231","204500000","코스피 200","944.02","40.19","4.45"
"2026/02/25","90890","1805","2.03","90825.53","89860","91850","89275","26181980","2374582025352","18423403000000","18573820738909","202700000","코스피 200","903.83","16.95","1.91"
"2026/02/24","89085","2145","2.47","89117.82","87025","89150","85905","19422609","1712629692273","17785820250000","18064181959632","199650000","코스피 200","886.88","21.39","2.47"
"2026/02/23","86940","640","0.74","86968.39","88025","88475","86160","20224734","1762703285216","17274978000000","17363239791671","198700000","코스피 200","865.49","5.90","0.69"
"2026/02/20","86300","1910","2.26","86371.82","84575","86430","84415","16572303","1420859445000","16957950000000","17162079674374","196500000","코스피 200","859.59","19.35","2.30"
"2026/02/19","84390","2530","3.09","84431.90","83910","84530","83412","19298748","1624989972558","16557318000000","16590868868306","196200000","코스피 200","840.24","25.65","3.15"
"2026/02/13","81860","115","-0.14","81851.45","81785","83120","81350","18091482","1486833143906","16069118000000","16059255047168","196300000","코스피 200","814.59","1.69","-0.21"
"2026/02/12","81975","2860","3.61","82017.02","80265","81985","79930","19692365","1603349417921","15894952500000","16099941503089","193900000","코스피 200","816.28","27.53","3.49"
"2026/02/11","79115","680","0.87","79252.57","78225","79585","77625","12643109","997756787796","15004159750000","15367074102561","189650000","코스피 200","788.75","7.99","1.02"
"2026/02/10","78435","95","0.12","78455.46","79300","79535","78355","14716930","1159572263879","14824215000000","14879078206301","189000000","코스피 200","780.76","0.18","-0.02"
"2026/02/09","78340","3145","4.18","78469.04","78365","78940","78000","17295874","1357759653014","14998193000000","14830649406401","191450000","코스피 200","780.94","32.84","4.39"
"2026/02/06","75195","815","-1.07","75178.96","73650","75655","72105","23275183","1727992227068","14204335500000","14393011276082","188900000","코스피 200","748.10","8.85","-1.17"
"2026/02/05","76010","3375","-4.25","76066.83","77150","78170","75625","23642888","1813286089096","14354488500000","14369023946081","188850000","코스피 200","756.95","33.43","-4.23"
"2026/02/04","79385","1095","1.40","79417.57","77635","79550","77265","19180981","1511593806246","15170473500000","14998007757564","191100000","코스피 200","790.38","10.84","1.39"
"2026/02/03","78290","5590","7.69","78326.40","75450","78290","75280","15709267","1209855597417","15317438500000","14968174203807","195650000","코스피 200","779.54","54.08","7.45"
"2026/02/02","72700","4605","-5.96","72899.95","75680","76705","72590","27331588","2028585739989","13907510000000","14262875131781","191300000","코스피 200","725.46","42.95","-5.59"
"2026/01/30","77305","270","0.35","77214.34","76485","78740","76460","16021987","1244151353009","14788446500000","14771102518472","191300000","코스피 200","768.41","2.82","0.37"
"2026/01/29","77035","940","1.24","76905.86","77195","77585","74585","21702202","1660577947714","14736795500000","14712090416742","191300000","코스피 200","765.59","6.87","0.91"
"2026/01/28","76175","1400","1.87","76209.82","75650","76500","75330","13993663","1062699813635","14633217500000","14578939374947","192100000","코스피 200","758.72","13.59","1.82"
"2026/01/27","74775","2470","3.42","74928.09","72070","74830","71420","13660438","1009418766588","14349322500000","14393685589025","191900000","코스피 200","745.13","25.09","3.48"
"2026/01/26","72305","720","-0.99","72408.19","73140","73605","72240","14355836","1042177100171","13911482000000","13895130730616","192400000","코스피 200","720.04","7.25","-1.00"
"2026/01/23","73025","495","0.68","73138.12","73005","73600","72110","14908170","1089018054876","13772515000000","14071773399369","188600000","코스피 200","727.29","4.99","0.69"
"2026/01/22","72530","775","1.08","72639.09","73135","73720","72275","17632701","1287808829394","13686411000000","13699732630778","188700000","코스피 200","722.30","7.36","1.03"
"2026/01/21","71755","565","0.79","71896.84","69900","71935","69840","16073534","1147208293068","13565282750000","13566934542033","189050000","코스피 200","714.94","6.46","0.91"
"2026/01/20","71190","590","-0.82","71247.36","71630","72080","70400","16270502","1159866317654","13180828500000","13469312596532","185150000","코스피 200","708.48","5.48","-0.77"
"2026/01/19","71780","1025","1.45","71800.46","70570","72065","70500","12430232","888491258609","13182397000000","13293854275920","183650000","코스피 200","713.96","9.32","1.32"
"2026/01/16","70755","740","1.06","70864.53","70245","71100","70015","16458718","1163868646795","12941089500000","13014270166735","182900000","코스피 200","704.64","8.25","1.18"
"2026/01/15","70015","1175","1.71","70036.18","68600","70015","68535","10321910","716479374263","12711223250000","12809616987144","181550000","코스피 200","696.39","10.63","1.55"
"2026/01/14","68840","375","0.55","68967.37","68325","68905","68180","11019346","756621177307","12425620000000","12521025749787","180500000","코스피 200","685.76","5.05","0.74"
"2026/01/13","68465","855","1.26","68470.45","68150","68525","67685","13474255","918845382656","12296314000000","12358915982878","179600000","코스피 200","680.71","7.85","1.17"
"2026/01/12","67610","430","0.64","67681.39","68035","68195","66810","13454910","910456682646","12217127000000","12155577072177","180700000","코스피 200","672.86","4.61","0.69"
"2026/01/09","67180","560","0.84","67212.51","66335","67395","65810","13826159","924891168069","12314094000000","12145300857716","183300000","코스피 200","668.25","4.07","0.61"
"2026/01/08","66620","100","-0.15","66801.07","66270","68010","66235","12739585","855792641328","12281397000000","12244636007201","184350000","코스피 200","664.18","0.30","-0.05"
"2026/01/07","66720","510","0.77","66835.82","67020","67825","65755","17669667","1180942476560","12463296000000","12321184069635","186800000","코스피 200","664.48","5.03","0.76"
"2026/01/06","66210","1170","1.80","66331.88","64845","66225","64075","17793210","1164552486448","12609694500000","12390794971336","190450000","코스피 200","659.45","10.71","1.65"
"2026/01/05","65040","2380","3.80","65259.32","63850","65120","63850","14492680","937962981323","12279552000000","12428636981807","188800000","코스피 200","648.74","24.57","3.94"
"2026/01/02","62660","1765","2.90","62795.12","60915","62760","60915","10756098","666069744401","12021321000000","11855719445249","191850000","코스피 200","624.17","18.19","3.00"
"2025/12/30","60895","175","0.29","60968.35","60455","61135","60330","10982224","669062618781","11719242750000","11696778103465","192450000","코스피 200","605.98","0.29","0.05"
"2025/12/29","60720","1610","2.72","60938.70","59640","60750","59630","12193588","735937732508","11721996000000","11727651871320","193050000","코스피 200","605.69","15.61","2.65"
"2025/12/26","59110","500","0.85","59230.83","58850","59415","58815","8018196","474424648552","11310698500000","11434511800299","191350000","코스피 200","590.08","5.87","1.00"
"2025/12/24","58610","15","0.03","58646.61","58920","58980","58595","9325111","548063580849","11033332500000","11222027977164","188250000","코스피 200","584.21","0.43","-0.07"
"2025/12/23","58595","170","0.29","58685.12","58715","59085","58540","10148621","596255969824","11015860000000","11047474442692","188000000","코스피 200","584.64","1.91","0.33"
"2025/12/22","58425","1305","2.28","58492.62","58340","58480","58090","10268728","598999312216","10791097500000","10996612526864","184700000","코스피 200","582.73","14.33","2.52"
"2025/12/19","57120","300","0.53","57053.95","57655","57725","56840","9591822","548576778611","10552920000000","10537865370589","184750000","코스피 200","568.40","2.75","0.49"
"2025/12/18","56820","670","-1.17","56782.46","56575","57240","56360","14319125","813166902848","10710570000000","10490560118864","188500000","코스피 200","565.65","6.97","-1.22"
"2025/12/17","57490","1090","1.93","57480.05","56630","57510","56330","10160817","579263032729","10652897000000","10834989411862","185300000","코스피 200","572.62","11.10","1.98"
"2025/12/16","56400","1255","-2.18","56365.41","57575","57770","56360","12221028","692978507301","10524240000000","10444509847619","186600000","코스피 200","561.52","12.97","-2.26"
"2025/12/15","57655","1340","-2.27","57668.15","57565","58125","57345","11192491","646136672921","10844905500000","10760876931587","188100000","코스피 200","574.49","13.44","-2.29"
"2025/12/12","58995","795","1.37","59013.50","58490","59085","58245","9123588","536677584040","11096959500000","11100438956007","188100000","코스피 200","587.93","7.77","1.34"
"2025/12/11","58200","480","-0.82","58221.86","59030","59310","58180","8650999","507024660317","10947420000000","10951532076079","188100000","코스피 200","580.16","5.36","-0.92"
"2025/12/10","58680","25","-0.04","58776.11","58850","59310","58535","7974892","469363587734","11078784000000","11055786378759","188800000","코스피 200","585.52","0.24","-0.04"
"2025/12/09","58705","315","-0.53","58799.57","58770","59050","58465","7769893","456414433367","11271360000000","11101358848326","192000000","코스피 200","585.76","3.41","-0.58"
"2025/12/08","59020","780","1.34","59140.65","58455","59025","57915","12087291","708801136977","11520704000000","11355004699982","195200000","코스피 200","589.17","8.36","1.44"
"2025/12/05","58240","1090","1.91","58300.58","57015","58240","56765","14185189","819154337089","11339328000000","11380273574543","194700000","코스피 200","580.81","11.06","1.94"
"2025/12/04","57150","145","-0.25","57195.34","57005","57150","56440","11107435","632057120564","11075670000000","11135933147036","193800000","코스피 200","569.75","1.04","-0.18"
"2025/12/03","57295","620","1.09","57299.66","56895","57610","56595","14608637","837085973296","11083717750000","11104674857776","193450000","코스피 200","570.79","5.07","0.90"
"2025/12/02","56675","1100","1.98","56787.23","55925","56805","55830","10143207","573638043545","10955277500000","10985490512965","193300000","코스피 200","565.72","11.76","2.12"
"2025/12/01","55575","75","-0.13","55610.20","56210","56425","55075","9238373","513963165427","10742647500000","10749450836634","193300000","코스피 200","553.96","0.04","-0.01"
"2025/11/28","55650","825","-1.46","55623.18","56740","56740","55555","11190217","624986409800","10620802500000","10751961253905","190850000","코스피 200","554.00","9.36","-1.66"
"2025/11/27","56475","395","0.70","56552.85","56590","57150","56215","12038706","681780144401","10721778750000","10793110917133","189850000","코스피 200","563.36","3.99","0.71"
"2025/11/26","56080","1475","2.70","56132.98","55080","56080","54720","14646050","815623302174","10826244000000","10656846677218","193050000","코스피 200","559.37","14.75","2.71"
"2025/11/25","54605","395","0.73","54654.28","55745","55920","54235","13967143","767441433738","10366759250000","10551008473229","189850000","코스피 200","544.62","3.81","0.70"
"2025/11/24","54210","15","-0.03","54265.04","55200","55365","54125","15174652","828864560271","10050534000000","10302218156866","185400000","코스피 200","540.81","0.45","0.08"
"2025/11/21","54225","2375","-4.20","54180.37","54185","54645","53925","20274935","1099608281548","10039758750000","10045040525589","185150000","코스피 200","540.36","23.84","-4.23"
"2025/11/20","56600","1190","2.15","56569.66","57030","57490","56500","16962616","966872195735","10408740000000","10473872473660","183900000","코스피 200","564.20","11.54","2.09"
"2025/11/19","55410","390","-0.70","55413.79","55925","55957","54330","18569595","1028144696086","10342276500000","10190596534004","186650000","코스피 200","552.66","3.79","-0.68"
"2025/11/18","55800","1915","-3.32","55789.33","56980","57490","55730","15573977","875123327993","10420650000000","10413078314016","186750000","코스피 200","556.45","20.20","-3.50"
"2025/11/17","57715","1205","2.13","57814.98","57400","57795","57075","11984469","690220225351","10700361000000","10796946914901","185400000","코스피 200","576.65","13.22","2.35"
"2025/11/14","56510","2560","-4.33","56493.15","57315","57700","56510","17102399","975416954354","10491081500000","10473830800337","185650000","코스피 200","563.43","25.22","-4.28"
"2025/11/13","59070","270","0.46","59019.81","58390","59360","58355","12559276","740682321415","10898415000000","10957026879946","184500000","코스피 200","588.65","1.92","0.33"
"2025/11/12","58800","605","1.04","58816.44","58145","58950","57850","12427003","728605226867","11004420000000","10851633032545","187150000","코스피 200","586.73","5.32","0.92"
"2025/11/11","58195","540","0.94","58283.28","58450","59530","57660","18535780","1085672931482","10603129000000","10907715055420","182200000","코스피 200","581.41","6.10","1.06"
"2025/11/10","57655","1710","3.06","57663.31","56510","58000","56355","13611878","781955309160","10628699250000","10506255828470","184350000","코스피 200","575.31","17.33","3.11"
"2025/11/07","55945","1030","-1.81","55925.13","55945","57135","54975","22145417","1238030472446","10375000250000","10309797608596","185450000","코스피 200","557.98","10.40","-1.83"
"2025/11/06","56975","310","0.55","56965.00","58030","58222","56255","17605598","1007027919750","10580257500000","10564159563258","185700000","코스피 200","568.38","2.98","0.53"
"2025/11/05","56665","1615","-2.77","56664.78","57175","57280","54470","33965758","1901066757360","10522690500000","10522650243310","185700000","코스피 200","565.40","16.54","-2.84"
"2025/11/04","58280","1650","-2.75","58321.52","59920","60010","58245","23332296","1373425043100","10819682000000","10830305819676","185650000","코스피 200","581.94","17.09","-2.85"
"2025/11/03","59930","1785","3.07","60025.65","58285","59930","58120","19716764","1173811163085","10787400000000","11143762355719","180000000","코스피 200","599.03","19.57","3.38"
"2025/10/31","58145","700","1.22","58064.34","57600","58180","57155","18545471","1074566883173","10466100000000","10451581550263","180000000","코스피 200","579.46","4.25","0.74"
"2025/10/30","57445","200","0.35","57635.35","57830","58365","57247","23644899","1366272704953","10340100000000","10374363634831","180000000","코스피 200","575.21","3.70","0.65"
"2025/10/29","57385","1175","2.09","57268.70","56900","57415","56150","14601944","831884675220","10449808500000","10308366351241","182100000","코스피 200","571.51","12.00","2.14"
"2025/10/28","56210","565","-1.00","56204.43","56340","56380","55640","13162981","737180711354","10269567000000","10234826076371","182700000","코스피 200","559.51","6.18","-1.09"
"2025/10/27","56775","1520","2.75","56821.82","56155","56790","56085","18654857","1056065100189","10401180000000","10381347191694","183200000","코스피 200","565.69","15.68","2.85"
"2025/10/24","55255","1405","2.61","55250.89","54555","55365","54395","15936025","876662953828","10426618500000","10121963476499","188700000","코스피 200","550.01","13.64","2.54"
"2025/10/23","53850","575","-1.06","53884.76","53620","54750","53450","13504911","729896922080","9929940000000","10168054772870","184400000","코스피 200","536.37","6.22","-1.15"
"2025/10/22","54425","610","1.13","54507.79","53645","54430","53135","15606950","843717730368","10218293750000","10051236700036","187750000","코스피 200","542.59","7.31","1.37"
"2025/10/21","53815","115","0.21","53779.68","54185","54950","53665","16921630","917263415109","10162962750000","10097134531622","188850000","코스피 200","535.28","0.00","0.00"
"2025/10/20","53700","965","1.83","53778.19","53190","53720","52365","13813038","736721701812","10071435000000","10156010371876","187550000","코스피 200","535.28","9.80","1.86"
"2025/10/17","52735","150","0.29","52795.34","52360","53450","52250","15731156","830726360303","9774432250000","9901766160434","185350000","코스피 200","525.48","1.03","0.20"
"2025/10/16","52585","1345","2.62","52687.81","51320","52585","51320","17545461","918376243568","10012184000000","9765685738955","190400000","코스피 200","524.45","13.90","2.72"
"2025/10/15","51240","1385","2.78","51298.76","50100","51280","50055","14711160","749226452628","9884196000000","9767283658430","192900000","코스피 200","510.55","13.66","2.75"
"2025/10/14","49855","510","-1.01","49929.02","50615","51345","49465","18269212","919623895029","9534768750000","9631306994438","191250000","코스피 200","496.89","4.98","-0.99"
"2025/10/13","50365","465","-0.91","50431.38","49780","50365","49395","12559935","629005194756","9393072500000","9645001816119","186500000","코스피 200","501.87","5.10","-1.01"
"2025/10/10","50830","1260","2.54","50941.86","50500","51060","50175","15955272","809539660474","9406091500000","9500657416042","185050000","코스피 200","506.97","13.56","2.75"
"2025/10/02","49570","1435","2.98","49579.47","49305","50070","49130","19649694","977288053182","9210106000000","9174680567783","185800000","코스피 200","493.41","14.04","2.93"
"2025/10/01","48135","500","1.05","48176.13","47845","48210","47845","6035418","290046363244","8979584250000","8951125778178","186550000","코스피 200","479.37","5.34","1.13"
"2025/09/30","47635","130","-0.27","47639.83","47745","47900","47550","6890501","328655474772","8648134250000","8887210743794","181550000","코스피 200","474.03","1.19","-0.25"
"2025/09/29","47765","720","1.53","47762.91","47360","47857","47360","8495289","405414686127","8561876250000","8671357119751","179250000","코스피 200","475.22","7.19","1.54"
"2025/09/26","47045","1155","-2.40","46987.97","47700","47725","46680","14027415","659966060823","8277567750000","8422593995793","175950000","코스피 200","468.03","12.60","-2.62"
"2025/09/25","48200","15","0.03","48248.61","47910","48315","47845","11171542","538271149680","8406080000000","8489342651830","174400000","코스피 200","480.63","0.24","0.05"
"2025/09/24","48185","150","-0.31","48223.56","48385","48525","47745","12615782","606991781291","8299866250000","8410188217652","172250000","코스피 200","480.39","1.15","-0.24"
"2025/09/23","48335","385","0.80","48343.89","48310","48465","48000","10932893","527754822229","8204866250000","8327235004345","169750000","코스피 200","481.54","3.25","0.68"
"2025/09/22","47950","465","0.98","48017.24","47765","48220","47745","12238682","587413435959","8177872500000","8150926215387","170550000","코스피 200","478.29","4.85","1.02"
"2025/09/19","47485","175","-0.37","47530.00","47740","47865","47360","10653737","506259586774","7982228500000","8106241045109","168100000","코스피 200","473.44","1.90","-0.40"
"2025/09/18","47660","820","1.75","47718.77","47170","47695","46965","11716736","556361390086","8025944000000","8021526011224","168400000","코스피 200","475.34","8.35","1.79"
"2025/09/17","46840","580","-1.22","46883.96","47140","47140","46710","11708392","549075231776","7754362000000","7895258125767","165550000","코스피 200","466.99","5.86","-1.24"
"2025/09/16","47420","760","1.63","47471.07","46755","47495","46705","9849943","465858519947","7919140000000","7858836209016","167000000","코스피 200","472.85","8.20","1.76"
"2025/09/15","46660","275","0.59","46651.13","46725","46915","46415","11063351","516437202434","7717564000000","7790738504358","165400000","코스피 200","464.65","1.91","0.41"
"2025/09/12","46385","920","2.02","46459.96","45985","46450","45870","11640436","539018459800","7525966250000","7684478111370","162250000","코스피 200","462.74","8.74","1.93"
"2025/09/11","45465","295","0.65","45582.87","45440","45615","45095","10367431","470789633641","7358510250000","7395820217054","161850000","코스피 200","454.00","3.95","0.88"
"2025/09/10","45170","930","2.10","45185.70","44400","45245","44400","14970760","674225824310","7444016000000","7313305537653","164800000","코스피 200","450.05","8.77","1.99"
"2025/09/09","44240","595","1.36","44307.53","43770","44290","43650","11791442","520070288670","7226604000000","7301881588592","163350000","코스피 200","441.28","6.43","1.48"
"2025/09/08","43645","170","0.39","43665.87","43575","43670","43440","7216048","314546250830","7203607250000","7132820264648","165050000","코스피 200","434.85","1.99","0.46"
"2025/09/05","43475","175","0.40","43467.48","43435","43610","43310","8861335","385167831556","7101641250000","7174307582830","163350000","코스피 200","432.86","0.54","0.12"
"2025/09/04","43300","160","0.37","43407.16","43120","43475","43115","7637405","330836841929","7116355000000","7090559133559","164350000","코스피 200","432.32","1.95","0.45"
"2025/09/03","43140","215","0.50","43212.09","42935","43210","42865","7579492","326977902767","7124571000000","7101907443968","165150000","코스피 200","430.37","2.22","0.52"
"2025/09/02","42925","450","1.06","42991.17","42575","42987","42575","8514530","365242409010","7024676250000","7099991260601","163650000","코스피 200","428.15","4.82","1.14"
"2025/09/01","42475","725","-1.68","42508.27","42810","42985","42370","6651031","283284235879","6987137500000","6956478259469","164500000","코스피 200","423.33","6.79","-1.58"
"2025/08/29","43200","165","-0.38","43190.04","43495","43585","43160","10134296","437976461212","6985440000000","7104761740652","161700000","코스피 200","430.12","1.69","-0.39"
"2025/08/28","43365","220","0.51","43361.45","42930","43560","42780","7090464","307295930056","7061990250000","7011546815151","162850000","코스피 200","431.81","1.50","0.35"
"2025/08/27","43145","70","0.16","43185.09","43120","43165","42820","8221425","354463927464","6868684000000","7032691350324","159200000","코스피 200","430.31","0.90","0.21"
"2025/08/26","43075","410","-0.94","43096.79","43350","43400","42985","9098615","392281225392","6831695000000","6861008569219","158600000","코스피 200","429.41","4.48","-1.03"
"2025/08/25","43485","525","1.22","43536.64","43335","43485","43135","7659332","332525507027","6868455750000","6904910561154","157950000","코스피 200","433.89","5.39","1.26"
"2025/08/22","42960","355","0.83","43000.38","42880","43175","42820","9010296","387346451750","6798420000000","6791909801072","158250000","코스피 200","428.50","4.09","0.96"
"2025/08/21","42605","105","0.25","42594.39","42600","42950","42530","6174316","263872425741","6795497500000","6740562132730","159500000","코스피 200","424.41","0.75","0.18"
"2025/08/20","42500","255","-0.60","42511.54","42370","42530","41835","12481037","526688449099","6734125000000","6780590033838","158450000","코스피 200","423.66","2.52","-0.59"
"2025/08/19","42755","305","-0.71","42762.28","43175","43230","42640","8157192","349323600363","6806596000000","6775683170091","159200000","코스피 200","426.18","3.01","-0.70"
"2025/08/18","43060","660","-1.51","43065.18","43495","43495","43060","7647067","329976769879","6777644000000","6855976581953","157400000","코스피 200","429.19","7.38","-1.69"
"2025/08/14","43720","40","-0.09","43806.34","43870","43995","43555","8615857","376855246177","6879342000000","6895117997859","157350000","코스피 200","436.57","0.35","-0.08"
"2025/08/13","43760","445","1.03","43836.66","43735","43800","43320","10331613","451523001477","6927208000000","6897698137947","158300000","코스피 200","436.92","5.29","1.23"
"2025/08/12","43315","140","-0.32","43309.60","43500","44020","43275","9060486","394819953567","6835107000000","6855908933941","157800000","코스피 200","431.63","1.66","-0.38"
"2025/08/11","43455","10","0.02","43476.73","43505","43605","43315","7679003","333914897727","6941936250000","6860628404629","159750000","코스피 200","433.29","0.18","-0.04"
"2025/08/08","43445","105","-0.24","43494.38","43590","43720","43310","11031423","479948790498","6914271750000","6948226425299","159150000","코스피 200","433.47","1.88","-0.43"
"2025/08/07","43550","370","0.86","43659.62","43495","43555","43145","9515224","413866394243","6811220000000","6948427732140","156400000","코스피 200","435.35","4.67","1.08"
"2025/08/06","43180","25","-0.06","43193.20","42905","43200","42820","7972658","343483772537","6835394000000","6755416141364","158300000","코스피 200","430.68","0.57","-0.13"
"2025/08/05","43205","580","1.36","43243.75","43105","43465","42885","11202264","484031285288","6845832250000","6845485431446","158450000","코스피 200","431.25","6.46","1.52"
"2025/08/04","42625","485","1.15","42601.94","42130","42750","41940","11482492","488091032982","6783768750000","6750276704244","159150000","코스피 200","424.79","4.07","0.97"
"2025/08/01","42140","1785","-4.06","42189.52","43290","43385","42100","17550634","746319469411","6710795000000","6714462209510","159250000","코스피 200","420.72","17.88","-4.08"
"2025/07/31","43925","105","-0.24","43970.83","44375","44530","43735","13790813","606608248636","6995056250000","7002354704896","159250000","코스피 200","438.60","1.21","-0.28"
"2025/07/30","44030","375","0.86","44087.05","43645","44305","43620","9812193","432137903276","7011777500000","7020863472454","159250000","코스피 200","439.81","3.97","0.91"
"2025/07/29","43830","295","0.68","43687.15","43355","43895","42965","6718539","292548040977","6964587000000","6957178635032","158900000","코스피 200","435.84","2.47","0.57"
"2025/07/28","43535","225","0.52","43609.14","43710","43830","43085","7342844","318527904626","6902474250000","6929491820305","158550000","코스피 200","433.37","2.59","0.60"
"2025/07/25","43310","110","0.25","43353.87","43105","43490","43080","9565750","414540018364","6866800500000","6873755851528","158550000","코스피 200","430.78","0.75","0.17"
"2025/07/24","43200","45","-0.10","43276.00","43500","43985","43165","13290719","577383522507","6752160000000","6861409301216","156300000","코스피 200","430.03","0.01","-0.00"
"2025/07/23","43245","155","0.36","43278.87","43390","43485","42700","10985826","474314909001","6761355750000","6764486782752","156350000","코스피 200","430.04","1.99","0.46"
"2025/07/22","43090","600","-1.37","43078.54","43660","43820","42890","12362878","534050922371","6745739500000","6735329218243","156550000","코스피 200","428.05","6.51","-1.50"
"2025/07/21","43690","350","0.81","43732.41","43315","43760","43310","8552783","373444411130","6874621500000","6846308682425","157350000","코스피 200","434.56","3.46","0.80"
"2025/07/18","43340","45","-0.10","43386.83","43470","43630","43105","9757191","422907730822","6914897000000","6826917152599","159550000","코스피 200","431.10","0.54","-0.13"
"2025/07/17","43385","85","0.20","43438.72","43445","43485","42810","10528819","454902210304","6815783500000","6930648258569","157100000","코스피 200","431.64","0.48","0.11"
"2025/07/16","43300","410","-0.94","43393.21","43615","43620","43150","10089303","437418086682","6845730000000","6817073449549","158100000","코스피 200","431.16","3.62","-0.83"
"2025/07/15","43710","285","0.66","43758.15","43310","43715","43145","12530728","545320614687","6825316500000","6918162936699","156150000","코스피 200","434.78","2.29","0.53"
"2025/07/14","43425","400","0.93","43528.09","42985","43495","42930","9855981","427305129613","6863321250000","6796911849210","158050000","코스피 200","432.49","4.42","1.03"
"2025/07/11","43025","25","0.06","43083.34","43085","43645","42955","13469702","581509260334","6761378750000","6809322505535","157150000","코스피 200","428.07","0.35","-0.08"
"2025/07/10","43000","550","1.30","43119.42","42570","43035","42385","12995128","557054189575","6815500000000","6776217576928","158500000","코스피 200","428.42","6.40","1.52"
"2025/07/09","42450","125","0.30","42477.80","42340","42540","42135","10021593","424685392748","6696487500000","6732731218393","157750000","코스피 200","422.02","0.80","0.19"
"2025/07/08","42325","770","1.85","42397.88","41685","42390","41650","12388990","523027079554","6674652500000","6688265303364","157700000","코스피 200","421.22","8.20","1.99"
"2025/07/07","41555","65","0.16","41577.28","41280","41715","41105","11472294","476424642305","6582312000000","6556737557759","158400000","코스피 200","413.02","0.28","0.07"
"2025/07/04","41490","815","-1.93","41548.97","42475","42490","41485","13216547","551763561410","6557494500000","6581356772059","158050000","코스피 200","412.74","8.20","-1.95"
"2025/07/03","42305","645","1.55","42366.06","41950","42310","41805","12124433","511601391166","6652461250000","6695955170871","157250000","코스피 200","420.94","6.51","1.57"
"2025/07/02","41660","160","-0.38","41714.05","41725","41890","41145","12092466","501922021159","6494794000000","6559534693588","155900000","코스피 200","414.43","1.83","-0.44"
"2025/07/01","41820","120","0.29","41898.65","41890","42555","41820","10688575","450464585626","6622197000000","6532000243595","158350000","코스피 200","416.26","1.66","0.40"
"2025/06/30","41700","265","0.64","41732.09","41690","41945","41540","9792586","408853584878","6684510000000","6608276818073","160300000","코스피 200","414.60","1.88","0.46"
"2025/06/27","41435","255","-0.61","41542.65","41695","41950","41295","10455566","434810152474","6778766000000","6659286608509","163600000","코스피 200","412.72","2.94","-0.71"
"2025/06/26","41690","380","-0.90","41783.22","42070","42175","41150","13922735","579513889263","6749611000000","6835735324990","161900000","코스피 200","415.66","3.85","-0.92"
"2025/06/25","42070","130","0.31","42171.28","42225","42380","41705","14993820","630450670551","6884755500000","6827530480723","163650000","코스피 200","419.51","1.75","0.42"
"2025/06/24","41940","1340","3.30","41994.83","41225","41970","41225","13522365","564770989322","6850899000000","6872453975820","163350000","코스피 200","417.76","13.44","3.32"
"2025/06/23","40600","40","-0.10","40647.21","40260","40660","39885","12359663","498913289394","6619830000000","6639721934922","163050000","코스피 200","404.32","1.00","-0.25"
"2025/06/20","40640","560","1.40","40746.74","40245","40665","40040","11672070","472882636083","6679184000000","6643756320658","164350000","코스피 200","405.32","6.03","1.51"
"2025/06/19","40080","65","0.16","40140.88","40275","40395","39755","11440487","457880303947","6513000000000","6597153817617","162500000","코스피 200","399.29","0.43","0.11"
"2025/06/18","40015","335","0.84","40100.45","39405","40175","39380","12608824","503373566326","6564460750000","6516322773283","164050000","코스피 200","398.86","3.68","0.93"
"2025/06/17","39680","105","0.27","39727.91","39720","40415","39420","13232197","527076117915","6590848000000","6517363192928","166100000","코스피 200","395.18","1.02","0.26"
"2025/06/16","39575","710","1.83","39624.68","39000","39615","38745","10145212","398400198723","6585280000000","6581659076327","166400000","코스피 200","394.16","6.86","1.77"
"2025/06/13","38865","330","-0.84","38937.94","39345","39385","38660","8973193","349019416074","6467136000000","6479272989620","166400000","코스피 200","387.30","3.32","-0.85"
"2025/06/12","39195","70","0.18","39270.71","39150","39470","39120","10534356","413662948792","6522048000000","6534645621592","166400000","코스피 200","390.62","0.83","0.21"
"2025/06/11","39125","455","1.18","39190.77","38865","39190","38795","6636335","258930734323","6574956250000","6521343843621","168050000","코스피 200","389.79","5.00","1.30"
"2025/06/10","38670","225","0.59","38690.27","38705","38890","38335","9797525","378912050457","6575833500000","6501899654160","170050000","코스피 200","384.79","1.80","0.47"
"2025/06/09","38445","655","1.73","38510.99","38380","38695","38290","12580883","484120578144","6599084250000","6548793572072","171650000","코스피 200","382.99","6.45","1.71"
"2025/06/05","37790","650","1.75","37859.04","37430","38180","37400","12933073","489197226067","6613250000000","6498503441751","175000000","코스피 200","376.54","6.64","1.80"
"2025/06/04","37140","1015","2.81","37194.96","36615","37170","36610","10197246","377867631620","6488358000000","6509118474139","174700000","코스피 200","369.90","10.21","2.84"
"2025/06/02","36125","15","-0.04","36170.42","36040","36480","35950","7397312","267581333664","6309231250000","6318972920835","174650000","코스피 200","359.69","0.07","0.02"
"2025/05/30","36140","350","-0.96","36167.51","36355","36460","36080","7705176","279117490338","6328114000000","6316655001942","175100000","코스피 200","359.62","3.46","-0.95"
"2025/05/29","36490","710","1.98","36510.53","36185","36515","36040","13905925","506270077540","6403995000000","6392993377200","175500000","코스피 200","363.08","6.72","1.89"
"2025/05/28","35780","480","1.36","35815.50","35415","36110","35360","11074773","396671298491","6288335000000","6285620137880","175750000","코스피 200","356.36","5.08","1.45"
"2025/05/27","35300","110","0.31","35304.12","35095","35330","35060","6195383","218438605425","6216330000000","6204698821909","176100000","코스피 200","351.28","0.83","-0.24"
"2025/05/26","35190","550","1.59","35376.77","34725","35225","34700","5660635","198811708672","6247984500000","6229848818879","177550000","코스피 200","352.11","6.83","1.98"
"2025/05/23","34640","30","0.09","34698.32","34705","34785","34610","5583567","193684947591","6113960000000","6160686861913","176500000","코스피 200","345.28","0.48","0.14"
"2025/05/22","34610","450","-1.28","34647.66","34865","34900","34525","4417566","153224598359","6125970000000","6115311996456","177000000","코스피 200","344.80","4.58","-1.31"
"2025/05/21","35060","220","0.63","35111.92","35005","35252","34995","6282240","220540055580","6210879000000","6214809445087","177150000","코스피 200","349.38","2.36","0.68"
"2025/05/20","34840","70","0.20","34874.87","35040","35125","34800","6059352","211507618625","6259006000000","6178083037211","179650000","코스피 200","347.02","0.45","0.13"
"2025/05/19","34770","395","-1.12","34825.64","34995","35030","34645","7732398","269069435845","6288154500000","6256426712789","180850000","코스피 200","346.57","3.88","-1.11"
"2025/05/16","35165","130","0.37","35220.68","35165","35275","35070","6437268","226502272169","6398271750000","6369659812025","181950000","코스피 200","350.45","1.29","0.37"
"2025/05/15","35035","260","-0.74","35090.15","35200","35375","34990","6696380","235267588406","6213457250000","6384652097302","177350000","코스피 200","349.16","2.63","-0.75"
"2025/05/14","35295","465","1.34","35352.80","35145","35455","35065","9598145","338928315710","6289569000000","6269819618533","178200000","코스피 200","351.79","4.62","1.33"
"2025/05/13","34830","80","0.23","34890.69","34900","35045","34750","8491033","296025636052","6236311500000","6217521167472","179050000","코스피 200","347.17","0.09","0.03"
"2025/05/12","34750","485","1.42","34879.04","34500","34750","34430","6345461","220154290866","6256737500000","6245091726418","180050000","코스피 200","347.08","5.59","1.64"
"2025/05/09","34265","5","-0.01","34324.13","34335","34415","34160","6422377","220257774731","6196825250000","6180059341078","180850000","코스피 200","341.49","0.02","0.01"
"2025/05/08","34270","15","0.04","34304.90","34310","34470","34255","6263717","215007576510","6214864500000","6204041634501","181350000","코스피 200","341.47","0.16","0.05"
"2025/05/07","34255","290","0.85","34280.61","34330","34400","34040","6838613","234152257880","6207006000000","6216787950503","181200000","코스피 200","341.31","2.52","0.74"
"2025/05/02","33965","30","0.09","34030.88","33910","34115","33690","5644954","191800508341","6139173750000","6166394792631","180750000","코스피 200","338.79","0.05","0.01"
"2025/04/30","33935","70","-0.21","34025.21","33970","34135","33790","6329504","214866234046","6133751250000","6150056799827","180750000","코스피 200","338.74","0.32","-0.09"
"2025/04/29","34005","230","0.68","34046.06","33870","34185","33755","7061405","240278893081","6146403750000","6153826237160","180750000","코스피 200","339.06","1.98","0.59"
"2025/04/28","34200","25","0.07","33845.84","34235","34355","34140","2920421","100020654120","6193620000000","6117635175918","181100000","코스피 200","337.08","0.21","0.06"
"2025/04/25","34175","315","0.93","34255.65","34230","34335","34060","5791540","198179897271","6172005000000","6203698274825","180600000","코스피 200","336.87","3.15","0.94"
"2025/04/24","33860","60","-0.18","33935.73","33925","33970","33645","6733860","228018252782","6050782000000","6128793494069","178700000","코스피 200","333.72","0.22","-0.07"
"2025/04/23","33920","600","1.80","33964.32","33875","33965","33705","6686259","226667192411","6054720000000","6069423325838","178500000","코스피 200","333.94","5.33","1.62"
"2025/04/22","33320","110","-0.33","33428.47","33265","33490","33255","5665232","189095343377","5957616000000","5966982375984","178800000","코스피 200","328.61","0.70","-0.21"
"2025/04/21","33430","45","0.13","33493.96","33390","33585","33295","4921214","164564261158","6029100500000","5988720463488","180350000","코스피 200","329.31","0.96","0.29"
"2025/04/18","33385","225","0.68","33402.01","33215","33385","33110","5906332","196887618375","5957553250000","6024052884958","178450000","코스피 200","328.35","2.05","0.63"
"2025/04/17","33160","325","0.99","33196.29","32925","33220","32855","6814121","225583649877","5872636000000","5923878258715","177100000","코스피 200","326.30","2.77","0.86"
"2025/04/16","32835","520","-1.56","32918.37","33215","33275","32820","7035487","231862179407","5842988250000","5829842933741","177950000","코스피 200","323.53","4.61","-1.40"
"2025/04/15","33355","325","0.98","33375.12","33075","33445","33075","8739314","291413078458","5835457250000","5939102579466","174950000","코스피 200","328.14","2.81","0.86"
"2025/04/14","33030","210","0.64","33095.53","33000","33230","32925","5510556","182217671767","5818234500000","5790063295637","176150000","코스피 200","325.33","3.01","0.93"
"2025/04/11","32820","100","-0.30","32792.19","32375","32820","32260","12284503","400451364630","5694270000000","5776343733267","173500000","코스피 200","322.32","2.76","-0.85"
"2025/04/10","32920","1910","6.16","33060.08","32740","32920","32370","11829124","387552307417","5706682000000","5735924078663","173350000","코스피 200","325.08","20.55","6.75"
"2025/04/09","31010","525","-1.66","31021.28","31470","31565","30840","17841144","555127110235","5375583500000","5377538931702","173350000","코스피 200","304.53","5.50","-1.77"
"2025/04/08","31535","15","-0.05","31572.13","32150","32200","31400","19784954","626627528811","5444517750000","5473029296034","172650000","코스피 200","310.03","0.43","0.14"
"2025/04/07","31550","1905","-5.69","31526.38","31960","32050","31400","25201100","797765561555","5488122500000","5443029190602","173950000","코스피 200","309.60","19.07","-5.80"
"2025/04/04","33455","300","-0.89","33431.98","33320","34015","33010","20483991","684600286193","5807788000000","5815493484624","173600000","코스피 200","328.67","4.25","-1.28"
"2025/04/03","33755","425","-1.24","33852.63","33150","33785","33100","11098090","372952386098","5881808750000","5876817243512","174250000","코스피 200","332.92","3.34","-0.99"
"2025/04/02","34180","170","-0.49","34186.38","34395","34440","34040","6797136","232444042652","5926812000000","5956977520223","173400000","코스피 200","336.26","1.96","-0.58"
"2025/04/01","34350","485","1.43","34387.34","34120","34480","33940","9143106","313767650154","6000945000000","5962765011333","174700000","코스피 200","338.22","5.82","1.75"
"2025/03/31","33865","980","-2.81","33800.31","34220","34220","33765","10984452","372254360288","5797688000000","5904914845892","171200000","코스피 200","332.40","10.56","-3.08"
"2025/03/28","34845","570","-1.61","34838.56","35270","35270","34670","9416839","327974325022","5984628750000","5964361087838","171750000","코스피 200","342.96","7.30","-2.08"
"2025/03/27","35415","440","-1.23","35475.64","35485","35740","35385","7191086","255215588381","6109087500000","6092941246954","172500000","코스피 200","350.26","4.74","-1.34"
"2025/03/26","35855","300","0.84","35934.45","35705","35970","35580","5126765","183756600509","6140168750000","6198691857512","171250000","코스피 200","355.00","3.91","1.11"
"2025/03/25","35555","165","-0.46","35547.32","35930","35940","35475","6571405","234061883357","6108349000000","6087478303825","171800000","코스피 200","351.09","2.15","-0.61"
"2025/03/24","35720","125","-0.35","35739.59","35705","35935","35595","6277697","224394964322","6131338000000","6140061628201","171650000","코스피 200","353.24","1.94","-0.55"
"2025/03/21","35845","170","0.48","35922.45","35600","35900","35525","6252137","223878020367","6156378750000","6166089040211","171750000","코스피 200","355.18","1.68","0.48"
"2025/03/20","35675","240","0.68","35745.27","35695","35815","35500","5627694","200920744848","6082587500000","6139250818968","170500000","코스피 200","353.50","2.65","0.76"
"2025/03/19","35435","300","0.85","35476.88","35155","35647","35155","4697251","166712024602","5990286750000","6048807594802","169050000","코스피 200","350.85","3.01","0.87"
"2025/03/18","35135","85","0.24","35178.97","35450","35580","35065","6196410","218442681314","5941328500000","5947005713386","169100000","코스피 200","347.84","0.35","-0.10"
"2025/03/17","35050","670","1.95","35157.89","34640","35110","34640","5497062","192572202284","6021590000000","5945199690194","171800000","코스피 200","348.19","7.39","2.17"
"2025/03/14","34380","190","0.56","34425.27","34230","34480","34170","6932300","238213104129","5896170000000","5914260985198","171500000","코스피 200","340.80","0.62","-0.18"
"2025/03/13","34190","165","-0.48","34477.42","34560","34740","34160","8755466","301496269519","5867004000000","5912877206947","171600000","코스피 200","341.42","0.53","0.16"
"2025/03/12","34355","535","1.58","34430.71","33970","34440","33805","7072173","242581187762","5907342250000","5908309479068","171950000","코스피 200","340.89","5.93","1.77"
"2025/03/11","33820","385","-1.13","33841.58","33395","33915","33295","7793370","262452199673","5815349000000","5819059467866","171950000","코스피 200","334.96","3.83","-1.13"
"2025/03/10","34205","80","0.23","34224.94","33925","34305","33885","4776508","163247037280","5861026750000","5884979028789","171350000","코스피 200","338.79","0.37","0.11"
"2025/03/07","34125","160","-0.47","34182.68","33970","34275","33785","4542551","154995196658","5818312500000","5857202838159","170500000","코스피 200","338.42","1.89","-0.56"
"2025/03/06","34285","335","0.99","34367.36","34110","34390","34050","7170876","245709830572","5902162750000","5859634318637","172150000","코스피 200","340.31","3.23","0.96"
"2025/03/05","33950","255","0.76","34045.08","33940","34140","33665","8433469","286125825708","5900510000000","5860859769463","173800000","코스피 200","337.08","3.06","0.92"
"2025/03/04","33695","85","-0.25","33740.86","33610","33920","33440","7227954","243725118900","5867984250000","5864161174229","174150000","코스피 200","334.02","0.25","-0.07"
"2025/02/28","33780","1160","-3.32","33765.01","34380","34415","33655","19442422","658166975590","5886165000000","5880176662605","174250000","코스피 200","334.27","12.18","-3.52"
"2025/02/27","34940","140","-0.40","34982.26","35110","35130","34760","6840998","239082094665","6152934000000","6095658231427","176100000","코스피 200","346.45","2.86","-0.82"
"2025/02/26","35080","175","0.50","35109.66","34870","35195","34725","5199986","182022649325","6151278000000","6182810723152","175350000","코스피 200","349.31","1.77","0.51"
"2025/02/25","34905","185","-0.53","34934.78","34660","35025","34630","5857816","204360114740","6165968250000","6125813306218","176650000","코스피 200","347.54","2.36","-0.67"
"2025/02/24","35090","220","-0.62","35156.85","35010","35095","34860","6901016","241855699765","6123205000000","6210457089737","174500000","코스피 200","349.90","2.02","-0.57"
"2025/02/21","35310","40","0.11","35371.82","35350","35350","35070","6400775","225779149130","6151002000000","6172382321173","174200000","코스피 200","351.92","0.23","-0.07"
"2025/02/20","35270","310","-0.87","35388.17","35485","35530","35220","8145518","288002246255","6170486500000","6164619525087","174950000","코스피 200","352.15","2.38","-0.67"
"2025/02/19","35580","710","2.04","35616.83","35000","35730","35000","6247515","222075004910","6150003000000","6231164201300","172850000","코스피 200","354.53","6.69","1.92"
"2025/02/18","34870","255","0.74","34955.57","34650","34930","34560","4974895","173181042800","6025536000000","6042070107771","172800000","코스피 200","347.84","2.73","0.79"
"2025/02/17","34615","250","0.73","34668.66","34480","34660","34410","5249340","181638969080","6078394000000","5990744183599","175600000","코스피 200","345.11","2.35","0.69"
"2025/02/14","34365","170","0.50","34433.01","34250","34525","34210","7663353","263587421200","5967482250000","6046437395772","173650000","코스피 200","342.76","1.70","0.50"
"2025/02/13","34195","375","1.11","34248.13","33935","34195","33905","6598772","225217370180","5905476500000","5947188093110","172700000","코스피 200","341.06","3.83","1.14"
"2025/02/12","33820","45","0.13","33881.74","33720","33860","33535","7996959","270289000765","5862697000000","5851376620161","173350000","코스피 200","337.23","0.56","0.17"
"2025/02/11","33775","265","0.79","33821.31","33685","33935","33580","7792158","263193885270","5968042500000","5862924477186","176700000","코스피 200","336.67","2.17","0.65"
"2025/02/10","33510","70","0.21","33606.52","33265","33590","33115","6491519","217260601795","5870952000000","5938272149187","175200000","코스피 200","334.50","0.61","0.18"
"2025/02/07","33440","220","-0.65","33542.02","33680","33710","33405","7857348","263438541125","5805184000000","5876562664647","173600000","코스피 200","333.89","2.64","-0.78"
"2025/02/06","33660","335","1.01","33800.81","33540","33670","33395","5068191","170471054025","5897232000000","5867820194568","175200000","코스피 200","336.53","4.06","1.22"
"2025/02/05","33325","390","1.18","33401.60","33290","33485","33210","6499482","216866650825","5740231250000","5851959746519","172250000","코스피 200","332.47","3.75","1.14"
"2025/02/04","32935","405","1.25","33026.98","32930","33400","32800","12055358","398172860465","5625298000000","5688897110911","170800000","코스피 200","328.72","4.17","1.28"
"2025/02/03","32530","915","-2.74","32611.83","32730","32730","32280","15606931","506793065920","5531726500000","5570100665788","170050000","코스피 200","324.55","8.81","-2.64"
"2025/01/31","33445","330","-0.98","33493.57","33405","33495","33155","7775839","259472494640","5687322250000","5695581787587","170050000","코스피 200","333.36","3.38","-1.00"
"2025/01/24","33775","200","0.60","33841.82","33740","33920","33605","7810490","263793289260","5743438750000","5754800750363","170050000","코스피 200","336.74","2.24","0.67"
"2025/01/23","33685","365","-1.07","33608.50","34005","34015","33635","3950876","133387315585","5738239750000","5715125919079","170350000","코스피 200","334.50","4.26","-1.26"
"2025/01/22","34050","385","1.14","34137.07","33905","34155","33735","5013881","170328896040","5745937500000","5815249825814","168750000","코스피 200","338.76","4.32","1.29"
"2025/01/21","33665","30","0.09","33702.02","33840","34100","33475","7125158","240254470935","5706217500000","5687215746405","169500000","코스피 200","334.44","0.50","0.15"
"2025/01/20","33635","55","-0.16","33661.99","33855","33870","33560","5681869","191311936490","5714586500000","5705707964224","169900000","코스피 200","333.94","1.15","-0.34"
"2025/01/17","33690","70","-0.21","33770.91","33625","33785","33510","5405536","182035415700","5776150500000","5737677152481","171450000","코스피 200","335.09","0.64","-0.19"
"2025/01/16","33760","475","1.43","33835.43","33740","33890","33645","6733592","227442270730","5810096000000","5801084799681","172100000","코스피 200","335.73","4.76","1.44"
"2025/01/15","33285","50","-0.15","33363.11","33465","33715","33215","7096912","236973425470","5751648000000","5741791711253","172800000","코스피 200","330.97","0.23","0.07"
"2025/01/14","33335","145","0.44","33339.26","33385","33410","33075","5880779","195731322330","5816957500000","5761023770549","174500000","코스피 200","330.74","0.43","0.13"
"2025/01/13","33190","445","-1.32","33296.08","33450","33550","33105","8008114","266579297750","5894544000000","5810165646625","177600000","코스피 200","330.31","4.24","-1.27"
"2025/01/10","33635","50","-0.15","33718.18","33665","33870","33480","10497619","353651435925","5997120500000","5988348218531","178300000","코스피 200","334.55","0.85","-0.25"
"2025/01/09","33685","25","0.07","33800.54","33645","33980","33605","8978910","303170456335","6022878000000","6026636334529","178800000","코스피 200","335.40","0.45","0.13"
"2025/01/08","33660","320","0.96","33758.08","33060","33840","33060","8151095","274001018745","5871987000000","6035945522265","174450000","코스피 200","334.95","4.06","1.23"
"2025/01/07","33340","10","0.03","33351.41","33645","33860","33330","7687264","257551193265","5842835000000","5818153397707","175250000","코스피 200","330.89","0.63","-0.19"
"2025/01/06","33330","700","2.15","33411.10","32730","33410","32680","7620755","252885286575","5749425000000","5855296057655","172500000","코스피 200","331.52","7.52","2.32"
"2025/01/03","32630","640","2.00","32663.23","31980","32855","31970","8939357","291405897755","5578098500000","5634407224725","170950000","코스피 200","324.00","6.23","1.96"
"2025/01/02","31990","70","-0.22","32037.28","31930","32095","31740","5735290","183045820020","5481486500000","5476773526834","171350000","코스피 200","317.77","0.05","-0.02"
"2024/12/30","32060","85","-0.26","32046.74","32030","32450","31945","4162622","134198674980","5493481000000","5491209492232","171350000","코스피 200","317.82","1.21","-0.38"
"2024/12/27","32145","90","-0.28","32159.36","32180","32320","31875","4849717","155631648190","5487151500000","5510506072859","170700000","코스피 200","319.03","2.42","-0.75"
"2024/12/26","32235","190","-0.59","32256.31","32540","32540","32210","3206208","103677517795","5534749500000","5506152851617","171700000","코스피 200","321.45","1.94","-0.60"
"2024/12/24","32425","25","0.08","32455.55","32545","32580","32290","5201448","168630880200","5598176250000","5572618421369","172650000","코스피 200","323.39","0.41","0.13"
"2024/12/23","32400","535","1.68","32414.25","32140","32510","32025","6926535","224038605950","5553360000000","5596320920574","171400000","코스피 200","322.98","4.65","1.46"
"2024/12/20","31865","465","-1.44","31946.29","32195","32195","31625","9703770","309160283715","5512645000000","5475594308370","173000000","코스피 200","318.33","4.05","-1.26"
"2024/12/19","32330","750","-2.27","32355.28","32255","32495","32175","5702060","184532948760","5546211500000","5597463037939","171550000","코스피 200","322.38","7.34","-2.23"
"2024/12/18","33080","460","1.41","33088.26","32700","33180","32700","4437805","146593345290","5681490000000","5676291475219","171750000","코스피 200","329.72","4.47","1.37"
"2024/12/17","32620","380","-1.15","32633.46","32955","32975","32570","5459570","178530576815","5600854000000","5604796801979","171700000","코스피 200","325.25","4.36","-1.32"
"2024/12/16","33000","120","-0.36","33066.98","33345","33440","32935","4979861","164986066665","5618250000000","5677600233785","170250000","코스피 200","329.61","0.88","-0.27"
"2024/12/13","33120","150","0.45","33162.04","32890","33255","32810","7191550","237891910235","5638680000000","5645837570911","170250000","코스피 200","330.49","1.45","0.44"
"2024/12/12","32970","465","1.43","33010.06","32710","33070","32590","6775672","222289594875","5613142500000","5619963553849","170250000","코스피 200","329.04","5.18","1.60"
"2024/12/11","32505","335","1.04","32494.01","32025","32525","32010","4672310","151164049580","5488469250000","5532104494840","168850000","코스피 200","323.86","3.07","0.96"
"2024/12/10","32170","640","2.03","32190.18","31840","32245","31825","5652081","181344857200","5402951500000","5435311646003","167950000","코스피 200","320.79","7.05","2.25"
"2024/12/09","31530","805","-2.49","31489.70","31880","32015","31500","10662486","337947423130","5355370500000","5288694343750","169850000","코스피 200","313.74","8.33","-2.59"
"2024/12/06","32335","165","-0.51","32323.40","32585","32730","31840","12257749","396104278340","5487249500000","5490129546137","169700000","코스피 200","322.07","1.80","-0.56"
"2024/12/05","32500","230","-0.70","32499.02","32755","32800","32375","8795714","286413903390","5542875000000","5515083931691","170550000","코스피 200","323.87","2.72","-0.83"
"2024/12/04","32730","450","-1.36","32774.04","32595","32970","32475","11354766","371195294070","5573919000000","5589611794523","170300000","코스피 200","326.59","4.85","-1.46"
"2024/12/03","33180","480","1.47","33259.05","32865","33260","32865","5701518","188999670415","5640600000000","5664016307818","170000000","코스피 200","331.44","6.10","1.87"
"2024/12/02","32700","60","0.18","32649.84","32960","33010","32575","7351735","240966602015","5539380000000","5550473247182","169400000","코스피 200","325.34","0.11","-0.03"
"2024/11/29","32640","630","-1.89","32661.30","33150","33150","32415","9016177","294807762850","5540640000000","5532824509367","169750000","코스피 200","325.45","6.00","-1.81"
"2024/11/28","33270","100","-0.30","33261.55","33275","33425","33200","3664913","121966661325","5645919000000","5646147601612","169700000","코스피 200","331.45","0.87","-0.26"
"2024/11/27","33370","260","-0.77","33351.85","33525","33660","33280","5547080","185387588045","5591143500000","5659808109799","167550000","코스피 200","332.32","3.28","-0.98"
"2024/11/26","33630","105","-0.31","33680.88","33520","33660","33465","5023904","168832920075","5609484000000","5643231610247","166800000","코스피 200","335.60","1.03","-0.31"
"2024/11/25","33735","390","1.17","33784.67","33645","33870","33520","6798558","229375235785","5601696750000","5635283387121","166050000","코스피 200","336.63","4.27","1.28"
"2024/11/22","33345","295","0.89","33351.27","33205","33500","33145","5007775","167051067610","5545273500000","5537978778074","166300000","코스피 200","332.36","2.87","0.87"
"2024/11/21","33050","40","0.12","33068.67","32835","33230","32820","7895737","261204471750","5487952500000","5499319291277","166050000","코스피 200","329.49","0.47","0.14"
"2024/11/20","33010","65","0.20","33021.32","32890","33085","32810","4688772","154645378840","5506068000000","5483189768446","166800000","코스피 200","329.02","0.91","0.28"
"2024/11/19","32945","115","0.35","32930.66","32775","33020","32770","7100086","233765851925","5505109500000","5492834869203","167100000","코스피 200","328.11","0.33","-0.10"
"2024/11/18","32830","745","2.32","32963.46","32440","33095","32420","5891926","193301311290","5505591000000","5508193717340","167700000","코스피 200","328.44","7.91","2.47"
"2024/11/15","32085","230","0.72","32165.08","31870","32280","31680","8507787","272295003360","5377446000000","5394083296638","167600000","코스피 200","320.53","2.83","0.89"
"2024/11/14","31855","135","-0.42","31879.36","32035","32250","31810","10261937","328145479880","5334119750000","5342981253648","167450000","코스피 200","317.70","1.14","-0.36"
"2024/11/13","31990","840","-2.56","32001.56","32565","32755","31940","10612097","342402244195","5355126000000","5358661556671","167400000","코스피 200","318.84","8.47","-2.59"
"2024/11/12","32830","700","-2.09","32851.38","33365","33460","32790","9429911","311861268155","5471119500000","5499320605483","166650000","코스피 200","327.31","7.33","-2.19"
"2024/11/11","33530","550","-1.61","33588.05","33865","33870","33420","7768380","260988264810","5592804000000","5597448540708","166800000","코스피 200","334.64","5.07","-1.49"
"2024/11/08","34080","40","-0.12","34090.82","34440","34560","33980","7350207","251404262915","5735664000000","5686348834937","168300000","코스피 200","339.71","1.16","-0.34"
"2024/11/07","34120","15","-0.04","34206.29","33985","34360","33805","6664655","227404930369","5733866000000","5756917800615","168050000","코스피 200","340.87","0.26","0.08"
"2024/11/06","34135","80","-0.23","34174.28","34355","34470","33850","8834595","301899160240","5734680000000","5742987167039","168000000","코스피 200","340.61","0.86","-0.25"
"2024/11/05","34215","195","-0.57","34266.57","34090","34350","34030","6242864","213501161480","5765227500000","5756783795813","168500000","코스피 200","341.47","2.13","-0.62"
"2024/11/04","34410","565","1.67","34475.51","33930","34430","33835","6150133","210946001035","5803246500000","5809123583352","168650000","코스피 200","343.60","6.11","1.81"
"2024/11/01","33845","240","-0.70","33868.37","33820","34055","33720","4997821","169386666211","5807802000000","5711901169175","171600000","코스피 200","337.49","1.83","-0.54"
"2024/10/31","34085","455","-1.32","34052.76","34215","34380","34005","7856335","268221642110","5848986000000","5843453668291","171600000","코스피 200","339.32","5.68","-1.65"
"2024/10/30","34540","335","-0.96","34619.79","34775","34825","34440","6639157","229792062030","5927064000000","5940755643565","171600000","코스피 200","345.00","3.28","-0.94"
"2024/10/29","34995","90","0.26","34943.74","34850","34995","34655","4158363","144827157725","6027888750000","5996345456103","172250000","코스피 200","348.28","1.01","0.29"
"2024/10/28","34905","315","0.91","34963.69","34635","34965","34605","3512787","122286654645","5960028750000","6022495599246","170750000","코스피 200","347.27","3.90","1.14"
"2024/10/25","34590","25","0.07","34574.21","34610","34900","34460","5844114","202284435615","5926996500000","5903546018081","171350000","코스피 200","343.37","0.49","0.14"
"2024/10/24","34565","290","-0.83","34523.01","34650","34780","34495","7024836","242886758585","5929625750000","5915517239194","171550000","코스피 200","342.88","3.39","-0.98"
"2024/10/23","34855","445","1.29","34867.57","34445","34985","34315","6679313","232043954150","5991574500000","5981532443757","171900000","코스피 200","346.27","4.18","1.22"
"2024/10/22","34410","510","-1.46","34446.43","34780","34815","34310","7816564","269344114030","5915079000000","5921341870764","171900000","코스피 200","342.09","4.53","-1.31"
"2024/10/21","34920","100","0.29","34895.52","34840","35085","34710","4704271","164313765005","5988780000000","5998539452514","171500000","코스피 200","346.62","1.20","0.35"
"2024/10/18","34820","205","-0.59","34781.16","35090","35145","34660","6168840","214792067780","5976853000000","5964969462130","171650000","코스피 200","345.42","2.31","-0.66"
"2024/10/17","35025","80","0.23","35017.65","35050","35090","34845","5635313","197164739865","6024300000000","6010779799394","172000000","코스피 200","347.73","0.47","0.14"
"2024/10/16","34945","320","-0.91","34968.17","34780","35085","34690","6674005","232924229475","5977342250000","6014526008361","171050000","코스피 200","347.26","3.81","-1.09"
"2024/10/15","35265","125","0.36","35343.16","35320","35345","35040","5409366","190770454065","6012682500000","6045448217161","170500000","코스피 200","351.07","1.33","0.38"
"2024/10/14","35140","410","1.18","35209.06","34800","35265","34800","5728670","201230258583","6008940000000","6003144864086","171000000","코스피 200","349.74","4.29","1.24"
"2024/10/11","34730","45","0.13","34775.82","34895","35055","34670","5585424","194422924890","5917992000000","5946664913905","170400000","코스피 200","345.45","0.24","0.07"
"2024/10/10","34685","65","0.19","34754.41","34900","34950","34635","6478450","225255675240","5955414500000","5922152265322","171700000","코스피 200","345.21","0.98","0.28"
"2024/10/08","34620","265","-0.76","34658.37","34605","34725","34440","4408500","152622813215","5990991000000","5950841484576","173050000","코스피 200","344.23","3.11","-0.90"
"2024/10/07","34885","545","1.59","34965.32","34425","34975","34175","5638671","195919077300","6169412250000","6050748147402","176850000","코스피 200","347.34","5.60","1.64"
"2024/10/04","34340","15","-0.04","34408.28","34270","34640","34140","6396033","219981002950","6031821000000","6085104381188","175650000","코스피 200","341.74","1.02","0.30"
"2024/10/02","34355","365","-1.05","34303.75","34160","34670","34095","6121360","210057434805","6051633250000","6025454026998","176150000","코스피 200","340.72","4.04","-1.17"
"2024/09/30","34720","815","-2.29","34714.61","35760","35830","34720","7175102","250930125320","5937120000000","6114977785017","171000000","코스피 200","344.76","9.17","-2.59"
"2024/09/27","35535","145","-0.41","35629.49","35765","36025","35535","6771255","241920787375","6097806000000","6092642560541","171600000","코스피 200","353.93","2.51","-0.70"
"2024/09/26","35680","1160","3.36","35751.31","35125","35680","35110","6994284","248321321165","6095928000000","6134923989465","170850000","코스피 200","356.44","11.88","3.45"
"2024/09/25","34520","515","-1.47","34566.24","35360","35535","34520","7750557","270686704450","5816620000000","5905642483029","168500000","코스피 200","344.56","5.05","-1.44"
"2024/09/24","35035","415","1.20","35070.03","34805","35035","34525","6212802","216465998560","5934929000000","5909300239971","169400000","코스피 200","349.61","3.83","1.11"
"2024/09/23","34620","105","0.30","34683.67","34610","34695","34480","4645629","160893718695","5793657000000","5875414461745","167350000","코스피 200","345.78","1.11","0.32"
"2024/09/20","34515","85","0.25","34570.50","34805","35000","34515","6874828","238507846905","5708781000000","5785372836485","165400000","코스피 200","344.67","1.39","0.40"
"2024/09/19","34430","60","-0.17","34437.93","34695","34725","33965","6043733","207178990980","5620697500000","5696034018746","163250000","코스피 200","343.28","0.41","-0.12"
"2024/09/13","34490","75","0.22","34476.80","34435","34645","34235","4802842","165420923100","5621870000000","5628337411560","163000000","코스피 200","343.69","0.16","-0.05"
"2024/09/12","34415","770","2.29","34488.61","34105","34415","34045","4568052","156572223170","5650943000000","5621644190167","164200000","코스피 200","343.85","8.20","2.44"
"2024/09/11","33645","320","-0.94","33672.14","33890","33915","33355","5017069","168854089700","5569929750000","5528965814825","165550000","코스피 200","335.65","2.83","-0.84"
"2024/09/10","33965","145","-0.43","33954.54","34130","34215","33850","5218848","177548121915","5616112750000","5621173310423","165350000","코스피 200","338.48","1.70","-0.50"
"2024/09/09","34110","230","-0.67","34127.00","33640","34240","33500","5952857","201863149890","5684431500000","5642899136771","166650000","코스피 200","340.18","2.19","-0.64"
"2024/09/06","34340","310","-0.89","34346.13","34675","34700","34095","5168464","177674323510","5784573000000","5723782077834","168450000","코스피 200","342.37","3.55","-1.03"
"2024/09/05","34650","55","-0.16","34699.32","34875","35185","34460","5346956","185970601945","5817735000000","5845100084424","167900000","코스피 200","345.92","0.74","-0.21"
"2024/09/04","34705","1250","-3.48","34778.56","34865","35150","34645","7172762","249872723795","5927614000000","5839320069121","170800000","코스피 200","346.66","12.14","-3.38"
"2024/09/03","35955","305","-0.84","35993.02","36260","36420","35950","5515228","199047851335","6094372500000","6147607794263","169500000","코스피 200","358.80","3.29","-0.91"
"2024/09/02","36260","40","-0.11","36323.78","36300","36340","35865","6423898","232609374040","6115249000000","6156880713626","168650000","코스피 200","362.09","0.54","0.15"
"2024/08/30","36300","190","0.53","36280.06","36310","36410","36160","4963885","180198586740","6123810000000","6118632096837","168700000","코스피 200","361.55","1.45","0.40"
"2024/08/29","36110","485","-1.33","36129.61","36020","36235","35910","6493190","234436360975","6075507500000","6095064995819","168250000","코스피 200","360.10","5.18","-1.42"
"2024/08/28","36595","65","0.18","36647.55","36505","36595","36270","6708121","245090830755","6131492250000","6165950361969","167550000","코스피 200","365.28","0.72","0.20"
"2024/08/27","36530","185","-0.50","36573.43","36680","36695","36435","4384156","160259502775","6080418500000","6127878539394","166450000","코스피 200","364.56","1.75","-0.48"
"2024/08/26","36715","195","-0.53","36744.49","37025","37070","36595","4216064","155010707330","6078168250000","6116119629882","165550000","코스피 200","366.31","1.60","-0.43"
"2024/08/23","36910","25","-0.07","36910.80","36710","37045","36695","5766510","212609397415","6128905500000","6110583058436","166050000","코스피 200","367.91","1.19","-0.32"
"2024/08/22","36935","55","0.15","37022.96","36995","37045","36735","5570074","205698717635","6168145000000","6147662771000","167000000","코스피 200","369.10","0.88","0.24"
"2024/08/21","36880","50","-0.14","36935.78","36695","36960","36690","6776592","249839852985","6111016000000","6168275131687","165700000","코스피 200","368.22","0.77","-0.21"
"2024/08/20","36930","365","1.00","37012.44","36960","37105","36795","5472924","202269956085","5886642000000","6132960616056","159400000","코스피 200","368.99","3.47","0.95"
"2024/08/19","36565","325","-0.88","36659.89","37000","37025","36415","6736568","247240407295","5839430500000","5843587159586","159700000","코스피 200","365.52","3.59","-0.97"
"2024/08/16","36890","855","2.37","37021.37","36835","36980","36690","8459225","312176430345","5878421500000","5912312446000","159350000","코스피 200","369.11","8.72","2.42"
"2024/08/14","36035","335","0.94","36152.16","36145","36240","35930","6244494","225282319440","5576416250000","5760846308811","154750000","코스피 200","360.39","3.37","0.94"
"2024/08/13","35700","120","0.34","35812.72","35715","35890","35525","4852824","173311329865","5533500000000","5542018001450","155000000","코스피 200","357.02","1.41","0.40"
"2024/08/12","35580","405","1.15","35666.40","35430","35715","35355","5631349","200512645365","5570049000000","5528292232200","156550000","코스피 200","355.61","4.09","1.16"
"2024/08/09","35175","475","1.37","35262.14","35360","35390","34990","8290829","291990093987","5397603750000","5520288298417","153450000","코스피 200","351.52","4.82","1.39"
"2024/08/08","34700","260","-0.74","34772.29","34355","34935","34160","9767765","337950119005","5460045000000","5335808167093","157350000","코스피 200","346.70","2.39","-0.68"
"2024/08/07","34960","780","2.28","35015.43","34040","35330","33900","11282638","393999666565","5602340000000","5509678668706","160250000","코스피 200","349.09","7.36","2.15"
"2024/08/06","34180","920","2.77","34270.10","34585","35200","33830","23712220","815584646985","5612356000000","5491784027624","164200000","코스피 200","341.73","9.87","2.97"
"2024/08/05","33260","3360","-9.18","33302.38","35660","35660","32445","26274100","894346217400","5358186000000","5468251257684","161100000","코스피 200","331.86","33.31","-9.12"
"2024/08/02","36620","1535","-4.02","36625.85","37240","37315","36460","8886834","326894053560","5897651000000","5900424307560","161050000","코스피 200","365.17","15.37","-4.04"
"2024/08/01","38155","30","0.08","38176.61","38435","38465","38125","5783088","221075555585","6224988250000","6148343530225","163150000","코스피 200","380.54","0.05","0.01"
"2024/07/31","38125","550","1.46","38171.35","37575","38125","37500","3964583","150338521865","6220093750000","6227655072345","163150000","코스피 200","380.49","5.62","1.50"
"2024/07/30","37575","355","-0.94","37607.53","37495","37655","37435","5637616","211700471895","6130361250000","6135669317725","163150000","코스피 200","374.87","3.86","-1.02"
"2024/07/29","38080","450","1.20","37991.98","37870","38225","37760","2556935","97387214215","6203232000000","6198392188286","162900000","코스피 200","378.73","4.53","1.21"
"2024/07/26","37630","200","0.53","37691.10","37505","37745","37425","2981453","112117959800","6171320000000","6139879561142","164000000","코스피 200","374.20","2.94","0.79"
"2024/07/25","37430","695","-1.82","37396.41","37575","37625","37285","6100001","228239834185","6183436000000","6133011499390","165200000","코스피 200","371.26","7.40","-1.95"
"2024/07/24","38125","225","-0.59","38135.41","38025","38400","37945","5948102","226822631560","6351625000000","6299969261111","166600000","코스피 200","378.66","2.99","-0.78"
"2024/07/23","38350","110","0.29","38439.86","38525","38680","38265","4976800","191315144360","6511830000000","6404081364001","169800000","코스피 200","381.65","1.81","0.48"
"2024/07/22","38240","385","-1.00","38254.52","38590","38635","38035","5494148","210015825715","6531392000000","6495617092371","170800000","코스피 200","379.84","4.05","-1.05"
"2024/07/19","38625","460","-1.18","38659.78","38655","38720","38350","5641558","217592578245","6711093750000","6603090205693","173750000","코스피 200","383.89","5.11","-1.31"
"2024/07/18","39085","290","-0.74","39174.88","38870","39085","38705","5775029","224983584095","6665946750000","6806635314144","170550000","코스피 200","389.00","2.55","-0.65"
"2024/07/17","39375","330","-0.83","39426.95","39710","39730","39350","4714961","186096001845","6717375000000","6724267106197","170600000","코스피 200","391.55","3.76","-0.95"
"2024/07/16","39705","25","0.06","39801.82","39550","39830","39505","7029476","279145572220","6803451750000","6790189722101","171350000","코스피 200","395.31","1.47","0.37"
"2024/07/15","39680","250","0.63","39655.72","39650","39685","39320","4369898","172785327710","6840832000000","6795007564363","172400000","코스피 200","393.84","1.55","0.40"
"2024/07/12","39430","550","-1.38","39495.12","39665","39735","39260","5269595","207884265645","6805618000000","6808958615390","172600000","코스피 200","392.29","6.23","-1.56"
"2024/07/11","39980","245","0.62","40123.76","40055","40190","39860","7478311","299451186250","6874561000000","6925361011772","171950000","코스피 200","398.52","2.92","0.74"
"2024/07/10","39735","15","-0.04","39830.27","39595","39795","39585","3486449","138417130825","6985413000000","6848814298133","175800000","코스피 200","395.60","0.19","-0.05"
"2024/07/09","39750","140","0.35","39853.13","39860","39870","39515","4884271","194107855880","6791287500000","7006180489191","170850000","코스피 200","395.79","1.32","0.33"
"2024/07/08","39610","130","-0.33","39722.58","39695","39825","39600","4212277","167177108650","6454449500000","6786602455658","162950000","코스피 200","394.47","1.00","-0.25"
"2024/07/05","39740","720","1.85","39823.18","39225","39885","39215","6869265","272235084280","6487555000000","6489186550051","163250000","코스피 200","395.47","6.94","1.79"
"2024/07/04","39020","515","1.34","39123.12","38815","39020","38805","5995175","233798806600","6416839000000","6386849295831","164450000","코스피 200","388.53","5.30","1.38"
"2024/07/03","38505","160","0.42","38593.18","38505","38520","38180","4825685","185590496850","6484242000000","6346648484072","168400000","코스피 200","383.23","2.03","0.53"
"2024/07/02","38345","275","-0.71","38392.04","38415","38570","38230","5676869","217801107045","6330759500000","6465219608037","165100000","코스피 200","381.20","3.14","-0.82"
"2024/07/01","38620","75","0.19","38704.60","38390","38645","38355","3782571","145903869330","6414782000000","6390129169719","166100000","코스피 200","384.34","0.32","0.08"
"2024/06/28","38545","225","0.59","38678.21","38460","38545","38300","5339707","205690299695","6498687000000","6424450342268","168600000","코스피 200","384.02","1.75","0.46"
"2024/06/27","38320","45","-0.12","38495.70","37970","38345","37885","5404909","206649543950","6399440000000","6490374609433","167000000","코스피 200","382.27","0.74","-0.19"
"2024/06/26","38365","315","0.83","38455.70","37870","38365","37805","6350700","243059844935","6472175500000","6422101337946","168700000","코스피 200","383.01","3.16","0.83"
"2024/06/25","38050","110","0.29","38136.66","37950","38140","37905","4339239","165144737005","6405717500000","6433655236974","168350000","코스피 200","379.85","1.46","0.39"
"2024/06/24","37940","290","-0.76","37995.08","37950","38055","37780","4284623","162514622595","6366332000000","6396472491852","167800000","코스피 200","378.39","2.49","-0.65"
"2024/06/21","38230","330","-0.86","38231.15","38260","38335","38025","5744918","219459130255","6290746500000","6415186858009","164550000","코스피 200","380.88","3.90","-1.01"
"2024/06/20","38560","150","0.39","38631.09","38375","38650","38325","4450633","171507192165","6375896000000","6356745322301","165350000","코스피 200","384.78","1.77","0.46"
"2024/06/19","38410","565","1.49","38450.77","38195","38430","38160","6540410","251016470860","6418311000000","6357834408896","167100000","코스피 200","383.01","5.28","1.40"
"2024/06/18","37845","395","1.05","37917.84","37710","37910","37610","4844002","183307924010","6223610250000","6336071182263","164450000","코스피 200","377.73","3.87","1.04"
"2024/06/17","37450","205","-0.54","37533.66","37470","37635","37365","7201864","270052118605","6182995000000","6172410201128","165100000","코스피 200","373.86","2.14","-0.57"
"2024/06/14","37655","125","0.33","37740.33","37550","37795","37490","6306218","237629646170","6216840500000","6230928247441","165100000","코스피 200","376.00","1.25","0.33"
"2024/06/13","37530","255","0.68","37628.40","37735","37980","37530","5844059","220523539700","6196203000000","6212448025642","165100000","코스피 200","374.75","3.63","0.98"
"2024/06/12","37275","325","0.88","37260.91","36875","37275","36875","2806005","103900070650","6392662500000","6151776315137","171500000","코스피 200","371.12","3.41","0.93"
"2024/06/11","36950","35","0.09","36922.47","36990","37030","36760","2917811","107757738530","6268567500000","6332204158930","169650000","코스피 200","367.71","0.25","0.07"
"2024/06/10","36915","325","-0.87","36900.09","36805","37130","36685","3841367","141616080565","6329076750000","6260099643052","171450000","코스피 200","367.46","3.93","-1.06"
"2024/06/07","37240","485","1.32","37293.10","37105","37395","37000","5570430","207354939310","6366178000000","6393902821326","170950000","코스피 200","371.39","4.95","1.35"
"2024/06/05","36755","365","1.00","36801.90","36695","36860","36430","5142891","188918745545","6283267250000","6291285357207","170950000","코스피 200","366.44","3.92","1.08"
"2024/06/04","36390","270","-0.74","36404.58","36430","36580","36315","5221701","190146590135","6160827000000","6223363112592","169300000","코스피 200","362.52","2.96","-0.81"
"2024/06/03","36660","650","1.81","36698.06","36265","36805","36250","4712955","172656767100","6199206000000","6212982127919","169100000","코스피 200","365.48","7.27","2.03"
"2024/05/31","36010","15","-0.04","35975.76","36325","36410","36010","5019907","181288039485","6193720000000","6083500836135","172000000","코스피 200","358.21","0.49","-0.14"
"2024/05/30","36025","665","-1.81","36023.36","36380","36385","35995","6689431","241634826330","6270151250000","6196017950640","174050000","코스피 200","358.70","6.26","-1.72"
"2024/05/29","36690","545","-1.46","36647.34","37100","37190","36615","8392854","308435456020","6264817500000","6378470301975","170750000","코스피 200","364.96","6.37","-1.72"
"2024/05/28","37235","40","0.11","37285.83","37080","37305","37025","4056913","151034463385","6452825500000","6366555725629","173300000","코스피 200","371.33","0.17","0.05"
"2024/05/27","37195","510","1.39","37265.83","36785","37275","36705","6649585","246503504080","6529582250000","6458167522131","175550000","코스피 200","371.16","5.08","1.39"
"2024/05/24","36685","580","-1.56","36757.53","36715","36825","36585","5643266","207157488660","6498747750000","6452784898721","177150000","코스피 200","366.08","5.54","-1.49"
"2024/05/23","37265","0","0.00","37316.44","37215","37440","36980","5226850","194537967445","6648076000000","6610606870500","178400000","코스피 200","371.62","0.21","0.06"
"2024/05/22","37265","0","0.00","37296.59","37200","37375","36950","6379874","237651402340","6640623000000","6653711820338","178200000","코스피 200","371.41","0.14","-0.04"
"2024/05/21","37265","195","-0.52","37311.17","37335","37420","37215","5812774","216830918305","6631306750000","6648850773306","177950000","코스피 200","371.55","2.13","-0.57"
"2024/05/20","37460","310","0.83","37528.04","37480","37695","37355","4447271","166749963030","6566738000000","6678115094511","175300000","코스피 200","373.68","3.10","0.84"
"2024/05/17","37150","440","-1.17","37214.84","37515","37545","37145","4716522","175634699665","6519825000000","6523760735692","175500000","코스피 200","370.58","4.02","-1.07"
"2024/05/16","37590","355","0.95","37616.72","37870","37950","37560","6494830","244721785875","6608322000000","6601733949174","175800000","코스피 200","374.60","3.56","0.96"
"2024/05/14","37235","75","0.20","37261.95","37260","37290","37115","6314959","235079528890","6480751750000","6550650307361","174050000","코스피 200","371.04","0.05","0.01"
"2024/05/13","37160","70","-0.19","37251.57","37335","37425","36995","5686980","211548544755","6547592000000","6483635384314","176200000","코스피 200","370.99","0.09","-0.02"
"2024/05/10","37230","190","0.51","37263.50","37360","37490","37150","5938367","221335333625","6405421500000","6565829418270","172050000","코스피 200","371.08","2.25","0.61"
"2024/05/09","37040","420","-1.12","37033.97","37480","37515","36980","4485528","166507256265","6246796000000","6371693847179","168650000","코스피 200","368.83","5.26","-1.41"
"2024/05/08","37460","130","0.35","37559.60","37310","37495","37260","5577808","209044645225","6381311000000","6334426588605","170350000","코스피 200","374.09","1.29","0.35"
"2024/05/07","37330","845","2.32","37426.55","37075","37370","37075","4327481","161353911450","6411427500000","6375612165930","171750000","코스피 200","372.80","9.22","2.54"
"2024/05/03","36485","30","-0.08","36511.26","36900","36920","36470","6246363","228455024635","6200625750000","6270809011823","169950000","코스피 200","363.58","0.73","-0.20"
"2024/05/02","36515","135","-0.37","36584.80","36355","36615","36335","3981801","145496706690","6021323500000","6217586635070","164900000","코스피 200","364.31","0.82","-0.22"
"2024/04/30","36650","130","0.36","36662.75","36540","36865","36455","5097163","186300766555","6043585000000","6045686714824","164900000","코스피 200","365.13","0.65","0.18"
"2024/04/29","36520","355","0.98","36600.11","36465","36550","36310","3692589","134821430090","6022148000000","6035358178248","164900000","코스피 200","364.48","3.46","0.96"
"2024/04/26","36605","415","1.15","36246.97","36570","36720","36360","4275438","156370916600","5822025250000","5977125085649","159050000","코스피 200","361.02","4.51","1.27"
"2024/04/25","36190","635","-1.72","36233.35","36375","36510","36190","2622964","95295327375","5759638500000","5762914691245","159150000","코스피 200","356.51","7.09","-1.95"
"2024/04/24","36825","665","1.84","36942.53","36650","36940","36650","6215061","229143729655","5868063750000","5879403624181","159350000","코스피 200","363.60","7.62","2.14"
"2024/04/23","36160","40","-0.11","36181.45","36280","36365","36075","5182915","187652985555","6013408000000","5765513502416","166300000","코스피 200","355.98","0.91","-0.25"
"2024/04/22","36200","480","1.34","36269.72","36025","36290","35880","8495605","307298788545","5924130000000","6031654845149","163650000","코스피 200","356.89","4.31","1.22"
"2024/04/19","35720","685","-1.88","35834.12","35845","35955","35175","17572130","626030276465","5884870000000","5864252952379","164750000","코스피 200","352.58","6.48","-1.80"
"2024/04/18","36405","625","1.75","36485.69","35875","36475","35820","6719354","244232904345","6167007000000","6011017431320","169400000","코스피 200","359.06","6.27","1.78"
"2024/04/17","35780","395","-1.09","35852.28","36250","36355","35780","7809241","281102140405","6175628000000","6073376701958","172600000","코스피 200","352.79","3.88","-1.09"
"2024/04/16","36175","855","-2.31","36243.89","36565","36670","35995","10000036","362242864830","6323390000000","6255695533844","174800000","코스피 200","356.67","8.64","-2.37"
"2024/04/15","37030","165","-0.44","37105.63","36940","37045","36575","8579198","316419727565","6717242000000","6486063532158","181400000","코스피 200","365.31","1.94","-0.53"
"2024/04/12","37195","365","-0.97","37304.94","37565","37615","37160","7688584","286953532585","6743453500000","6767115563470","181300000","코스피 200","367.25","3.47","-0.94"
"2024/04/11","37560","15","-0.04","37648.47","36980","37725","36915","8686248","325214272680","6890382000000","6825667383659","183450000","코스피 200","370.72","0.45","0.12"
"2024/04/09","37575","235","-0.62","37611.54","38000","38085","37520","5176282","194984677235","7009616250000","6899837216834","186550000","코스피 200","370.27","2.24","-0.60"
"2024/04/08","37810","160","0.42","37832.68","37730","37895","37625","5115111","193395633105","7057236500000","7057686189632","186650000","코스피 200","372.51","0.94","0.25"
"2024/04/05","37650","390","-1.03","37740.94","37675","37905","37505","6309280","237867218046","7236330000000","7044346899389","192200000","코스피 200","371.57","4.04","-1.08"
"2024/04/04","38040","535","1.43","38148.17","37925","38085","37855","5544692","210930182910","7356936000000","7332078119806","193400000","코스피 200","375.61","5.89","1.59"
"2024/04/03","37505","575","-1.51","37552.03","37850","37870","37490","7079000","265995836990","7444742500000","7262562335729","198500000","코스피 200","369.72","6.62","-1.76"
"2024/04/02","38080","105","0.28","38213.34","37950","38255","37860","6365867","242667125015","7374192000000","7585347758347","193650000","코스피 200","376.34","2.06","0.55"
"2024/04/01","37975","25","0.07","38005.86","38305","38345","37970","3538372","134721347930","7448796250000","7359834468095","196150000","코스피 200","374.28","0.35","-0.09"
"2024/03/29","37950","125","0.33","38044.67","37990","38100","37765","5014519","190511265605","7392660000000","7462462056207","194800000","코스피 200","374.63","1.41","0.38"
"2024/03/28","37825","20","-0.05","37895.87","37830","38020","37730","4745970","179805770840","7305898750000","7382115844561","193150000","코스피 200","373.22","0.86","-0.23"
"2024/03/27","37845","20","0.05","37854.20","37630","37950","37595","5449895","206263334925","7502771250000","7311539296069","198250000","코스피 200","374.08","0.52","-0.14"
"2024/03/26","37825","370","0.99","37904.89","37770","38210","37740","6553288","248590236580","7566891250000","7514643695504","200050000","코스피 200","374.60","3.87","1.04"
"2024/03/25","37455","150","-0.40","37501.89","37755","37895","37375","4720635","177253960360","7092104250000","7502254006245","189350000","코스피 200","370.73","1.92","-0.52"
"2024/03/22","37605","110","-0.29","37685.45","37710","37910","37450","6003798","226118465850","6917439750000","7135739669241","183950000","코스피 200","372.65","1.01","-0.27"
"2024/03/21","37715","995","2.71","37778.74","37315","37785","37295","9692134","364844659750","7146992500000","6949399639220","189500000","코스피 200","373.66","10.34","2.85"
"2024/03/20","36720","635","1.76","36743.99","36360","36740","36360","4822500","176612599160","6962112000000","6962985891949","189600000","코스피 200","363.32","5.99","1.68"
"2024/03/19","36085","435","-1.19","36147.62","36235","36235","35885","7383566","266262691510","6917494500000","6853589059806","191700000","코스피 200","357.33","3.98","-1.10"
"2024/03/18","36520","230","0.63","36504.34","36405","36530","36210","5967833","217604319020","6955234000000","6997882527470","190450000","코스피 200","361.31","1.92","0.53"
"2024/03/15","36290","695","-1.88","36310.49","36685","36770","36290","6009649","218801058825","6940462500000","6915332450861","191250000","코스피 200","359.39","7.29","-1.99"
"2024/03/14","36985","330","0.90","37029.43","36695","37020","36695","9555540","353267524510","7101120000000","7081879025651","192000000","코스피 200","366.68","3.64","1.00"
"2024/03/13","36655","170","0.47","36674.08","36625","36805","36490","8736002","320253035410","7182547250000","7041424313014","195950000","코스피 200","363.04","1.93","0.53"
"2024/03/12","36485","310","0.86","36488.55","36290","36565","36110","8134832","295711238920","6919380250000","7149931503030","189650000","코스피 200","361.11","2.77","0.77"
"2024/03/11","36175","305","-0.84","36208.25","36270","36410","36130","6073156","220026279550","6907616250000","6866894372564","190950000","코스피 200","358.34","3.37","-0.93"
"2024/03/08","36480","525","1.46","36543.13","36385","36615","36340","7394314","269912756145","7016928000000","6977911551784","192350000","코스피 200","361.71","4.89","1.37"
"2024/03/07","35955","25","0.07","36049.57","36070","36200","35785","4849264","174568587375","6942910500000","6934134134293","193100000","코스피 200","356.82","0.57","0.16"
"2024/03/06","35930","130","-0.36","35990.28","35880","36015","35765","5517887","198294175060","6889577500000","6949723833027","191750000","코스피 200","356.25","1.34","-0.37"
"2024/03/05","36060","290","-0.80","36124.50","36235","36545","36060","5784831","209393369020","6961383000000","6926873288417","193050000","코스피 200","357.59","3.51","-0.97"
"2024/03/04","36350","515","1.44","36477.29","36210","36540","36150","6037381","219694262250","6942850000000","7041941099813","191000000","코스피 200","361.10","5.53","1.56"
"2024/02/29","35835","95","-0.26","35922.43","35800","35950","35610","6145314","220318553420","6783565500000","6861183517857","189300000","코스피 200","355.57","1.22","-0.34"
"2024/02/28","35930","435","1.23","36043.68","35585","36040","35495","5641427","202451067135","6896763500000","6823068095211","191950000","코스피 200","356.79","4.03","1.14"
"2024/02/27","35495","305","-0.85","35555.80","35815","35900","35455","5199598","185134734540","6680159000000","6824935587379","188200000","코스피 200","352.76","2.72","-0.77"
"2024/02/26","35800","290","-0.80","35817.12","35875","35960","35510","5130714","183671994120","6696390000000","6740781111276","187050000","코스피 200","355.48","3.09","-0.86"
"2024/02/23","36090","110","0.31","36128.24","36300","36510","36040","6739000","243844554310","6913039500000","6757786773318","191550000","코스피 200","358.57","0.90","0.25"
"2024/02/22","35980","185","0.52","36036.22","36130","36165","35845","6463600","232662997114","7003507000000","6902738072799","194650000","코스피 200","357.67","1.63","0.46"
"2024/02/21","35795","80","-0.22","35864.79","35855","36110","35675","6976327","249929190430","6779573000000","6981081557590","189400000","코스피 200","356.04","0.88","-0.25"
"2024/02/20","35875","425","-1.17","35952.09","36200","36220","35670","6441149","231374816790","6879031250000","6809324993043","191750000","코스피 200","356.92","3.96","-1.10"
"2024/02/19","36300","560","1.57","36352.41","35845","36375","35840","6673013","242074863935","6991380000000","6970574120841","192600000","코스피 200","360.88","5.36","1.51"
"2024/02/16","35740","355","1.00","35815.99","35670","35775","35480","7035777","251077446060","7119408000000","6898159682444","199200000","코스피 200","355.52","4.31","1.23"
"2024/02/15","35385","50","-0.14","35383.24","35805","35825","35360","6137814","217559665545","6992076000000","7048340887480","197600000","코스피 200","351.21","1.48","-0.42"
"2024/02/14","35435","490","-1.36","35531.22","35370","35570","35250","7163970","253856632590","6785802500000","7020969277442","191500000","코스피 200","352.69","4.69","-1.31"
"2024/02/13","35925","435","1.23","35999.47","35915","36130","35850","6108254","219907058810","6730548750000","6893897551162","187350000","코스피 200","357.38","4.09","1.16"
"2024/02/08","35490","40","0.11","35591.61","35595","35755","35430","6259742","222402796760","6576297000000","6668087620399","185300000","코스피 200","353.29","1.04","0.30"
"2024/02/07","35450","495","1.42","35482.51","35130","35730","35120","7548365","267674507675","6595472500000","6574909277527","186050000","코스피 200","352.25","4.45","1.28"
"2024/02/06","34955","135","-0.38","35034.82","34945","35250","34750","9454374","330567739265","6468422750000","6518228922152","185050000","코스피 200","347.80","1.35","-0.39"
"2024/02/05","35090","430","-1.21","35175.02","35425","35425","34650","11378063","398615737530","6584638500000","6509136631985","187650000","코스피 200","349.15","4.28","-1.21"
"2024/02/02","35520","1110","3.23","35602.67","34690","35575","34665","11476191","405663300690","6695520000000","6680840470970","188500000","코스피 200","353.43","11.02","3.22"
"2024/02/01","34410","580","1.71","34496.14","33790","34465","33775","7021653","240819963930","6324558000000","6502521744578","183800000","코스피 200","342.41","6.17","1.83"
"2024/01/31","33830","165","-0.49","33887.51","33740","33920","33735","8485416","287176813150","6217954000000","6228524010172","183800000","코스피 200","336.24","1.24","-0.37"
"2024/01/30","33995","60","-0.18","34011.97","34230","34365","33915","7939707","270524251910","6248281000000","6251399820712","183800000","코스피 200","337.48","0.36","-0.11"
"2024/01/29","34150","400","1.19","34050.84","33865","34370","33780","4271662","145932109375","6240912500000","6258545281823","182750000","코스피 200","337.84","3.63","1.09"
"2024/01/26","33750","60","0.18","33783.10","33530","34090","33415","4530850","153320959400","6169500000000","6173861142090","182800000","코스피 200","334.21","0.41","0.12"
"2024/01/25","33690","40","0.12","33740.80","33670","33740","33480","7350090","247501694435","6107997000000","6167817665203","181300000","코스피 200","333.80","0.53","0.16"
"2024/01/24","33650","130","-0.38","33688.30","33805","33805","33370","5453870","183331594045","6028397500000","6107688468236","179150000","코스피 200","333.27","1.70","-0.51"
"2024/01/23","33780","175","0.52","33855.49","33760","33845","33560","4506031","152137006840","6053376000000","6065210938654","179200000","코스피 200","334.97","2.34","0.70"
"2024/01/22","33605","35","0.10","33622.99","33925","33945","33605","6761069","227688235920","6146354500000","6025240672188","182900000","코스피 200","332.63","0.36","-0.11"
"2024/01/19","33570","495","1.50","33656.55","33420","33630","33380","8205234","275084351885","6180237000000","6155783456030","184100000","코스피 200","332.99","5.86","1.79"
"2024/01/18","33075","155","0.47","33071.48","33015","33185","32840","12973930","428735052655","6165180000000","6088459137070","186400000","코스피 200","327.13","1.02","0.31"
"2024/01/17","32920","825","-2.44","32969.42","33885","33915","32905","13766686","455696792680","6077032000000","6145500396949","184600000","코스피 200","326.11","8.62","-2.58"
"2024/01/16","33745","470","-1.37","33834.30","34010","34155","33705","5992875","202927463690","6291755250000","6245812236155","186450000","코스피 200","334.73","4.51","-1.33"
"2024/01/15","34215","145","0.43","34286.60","34165","34365","34085","6318099","216374123135","6398205000000","6392735980713","187000000","코스피 200","339.24","1.02","0.30"
"2024/01/12","34070","330","-0.96","34183.92","34280","34405","34005","8090307","276241862170","6403456500000","6392393653009","187950000","코스피 200","338.22","2.06","-0.61"
"2024/01/11","34400","55","0.16","34393.86","34410","34610","34290","5403988","186000570140","6456880000000","6464326515239","187700000","코스피 200","340.28","0.38","-0.11"
"2024/01/10","34345","380","-1.09","34429.89","34725","34795","34320","4007127","137978760765","6465446250000","6462491266120","188250000","코스피 200","340.66","3.15","-0.92"
"2024/01/09","34725","130","-0.37","34747.78","35310","35365","34630","7512393","262284987705","6576915000000","6541270170915","189400000","코스피 200","343.81","1.77","-0.51"
"2024/01/08","34855","115","-0.33","34922.17","35155","35245","34815","5362721","187458115080","6679960750000","6614259239983","191650000","코스피 200","345.58","1.64","-0.47"
"2024/01/05","34970","100","-0.29","35086.34","35055","35170","34910","6663218","233486908620","6908323500000","6724296744845","197550000","코스피 200","347.22","0.85","-0.24"
"2024/01/04","35070","310","-0.88","35171.44","35110","35350","34975","8879926","311747674820","6821115000000","6948118641895","194500000","코스피 200","348.07","3.13","-0.89"
"2024/01/03","35380","1010","-2.78","35486.80","35975","35975","35380","8099979","287824289325","6525841000000","6902183240718","184450000","코스피 200","351.20","9.35","-2.59"
"2024/01/02","36390","220","0.61","36423.61","35985","36530","35925","7419568","268658043077","6601146000000","6718335619416","181400000","코스피 200","360.55","2.56","0.72"
"2023/12/28","36170","585","1.64","36169.62","35600","36170","35540","10582829","381015694455","6561238000000","6561168885452","181400000","코스피 200","357.99","5.53","1.57"
"2023/12/27","35585","390","1.11","35612.19","35260","35585","35165","10959810","388036640635","6446222750000","6460051061189","181150000","코스피 200","352.46","2.03","0.58"
"2023/12/26","35195","145","0.41","35168.39","35225","35250","35025","2667076","93735784760","6296385500000","6370753944130","178900000","코스피 200","350.43","1.28","0.37"
"2023/12/22","35050","110","0.31","35042.32","35265","35335","35050","3155432","110825594550","6333535000000","6269071844667","180700000","코스피 200","349.15","0.37","0.11"
"2023/12/21","34940","230","-0.65","35004.96","34910","35060","34775","6310580","220597338575","6322393000000","6325396861712","180950000","코스피 200","348.78","1.33","-0.38"
"2023/12/20","35170","665","1.93","35137.34","34765","35170","34750","9403237","329564920166","6483589500000","6358102500148","184350000","코스피 200","350.11","6.16","1.79"
"2023/12/19","34505","30","0.09","34518.68","34385","34525","34280","5012552","172765701785","6136714250000","6363519334013","177850000","코스피 200","343.95","0.45","0.13"
"2023/12/18","34475","110","0.32","34474.58","34455","34515","34280","4133230","142408825090","6014163750000","6131304530618","174450000","코스피 200","343.50","0.49","-0.14"
"2023/12/15","34365","195","0.57","34522.62","34280","34680","34280","6261323","216091208815","5994974250000","6022471063513","174450000","코스피 200","343.99","2.66","0.78"
"2023/12/14","34170","410","1.21","34255.27","34220","34375","34055","8792731","301189975026","5960956500000","5975831561108","174450000","코스피 200","341.33","4.65","1.38"
"2023/12/13","33760","330","-0.97","33791.77","34075","34075","33745","3987975","135193149160","6036288000000","5894974340378","178800000","코스피 200","336.68","3.09","-0.91"
"2023/12/12","34090","140","0.41","34101.24","34035","34195","34025","11151255","380402756620","6294718500000","6097302220777","184650000","코스피 200","339.77","1.84","0.54"
"2023/12/11","33950","115","0.34","33914.79","33905","33950","33690","7031812","238102870175","6348650000000","6262366839914","187000000","코스피 200","337.93","1.33","0.40"
"2023/12/08","33835","485","1.45","33781.75","33630","33855","33615","8598566","290284596710","6433725250000","6317187249609","190150000","코스피 200","336.60","3.93","1.18"
"2023/12/07","33350","130","-0.39","33388.50","33375","33505","33250","9681266","323078237055","6354842500000","6348824038583","190550000","코스피 200","332.67","0.78","-0.23"
"2023/12/06","33480","110","0.33","33468.58","33530","33675","33480","7820757","262371216100","6434856000000","6377438588650","192200000","코스피 200","333.45","0.60","0.18"
"2023/12/05","33370","370","-1.10","33408.05","33585","33610","33370","4349890","145524793290","6625613500000","6421026477894","198550000","코스피 200","332.85","3.29","-0.98"
"2023/12/04","33740","170","0.51","33739.49","33810","33890","33680","6735167","227481010310","6535438000000","6698975944042","193700000","코스피 200","336.14","1.34","0.40"
"2023/12/01","33570","385","-1.13","33605.04","33780","33780","33550","4988163","167702922020","6596505000000","6509297063408","196500000","코스피 200","334.80","3.63","-1.07"
"2023/11/30","33955","195","0.58","33968.67","33685","33955","33595","6834917","231646522035","6619527250000","6674842740182","194950000","코스피 200","338.43","1.81","0.54"
"2023/11/29","33760","110","-0.32","33787.41","33815","33815","33530","3312281","111707352230","6569696000000","6586855587802","194600000","코스피 200","336.62","0.90","-0.27"
"2023/11/28","33870","385","1.15","33877.41","33600","33870","33570","4270900","144288608895","6564006000000","6592543873935","193800000","코스피 200","337.52","3.85","1.15"
"2023/11/27","33485","40","-0.12","33492.10","33535","33695","33370","4318291","144673197295","6640075500000","6490769567112","198300000","코스피 200","333.67","0.33","-0.10"
"2023/11/24","33525","265","-0.78","33525.47","33790","33855","33515","4913581","164999430525","6718410000000","6648101039237","200400000","코스피 200","334.00","2.91","-0.86"
"2023/11/23","33790","5","0.01","33817.62","33800","33895","33650","4815864","162712490095","6683662000000","6777050238037","197800000","코스피 200","336.91","0.10","0.03"
"2023/11/22","33785","60","0.18","33806.74","33490","33850","33430","5610303","189166195420","6659023500000","6686973826270","197100000","코스피 200","336.81","0.24","0.07"
"2023/11/21","33725","160","0.48","33783.31","33730","33875","33670","7262668","245324382160","6768607500000","6658690688290","200700000","코스피 200","336.57","2.34","0.70"
"2023/11/20","33565","265","0.80","33548.26","33250","33680","33220","7426441","249270209897","6746565000000","6733135264491","201000000","코스피 200","334.23","2.17","0.65"
"2023/11/17","33300","170","-0.51","33331.50","33445","33460","33210","6010766","200311902080","6530130000000","6699630737398","196100000","코스피 200","332.06","2.25","-0.67"
"2023/11/16","33470","25","-0.07","33557.26","33470","33575","33315","5466819","183108216455","6476445000000","6580578222483","193500000","코스피 200","334.31","0.35","0.10"
"2023/11/15","33495","710","2.17","33522.09","33470","33520","33220","9679173","323913463840","6486306750000","6486525023293","193650000","코스피 200","333.96","7.39","2.26"
"2023/11/14","32785","335","1.03","32782.36","32725","32880","32695","4710485","154471499220","6396353500000","6348304472134","195100000","코스피 200","326.57","3.26","1.01"
"2023/11/13","32450","25","-0.08","32454.77","32795","32815","32345","6351729","206295019755","6369935000000","6331925282040","196300000","코스피 200","323.31","0.44","-0.14"
"2023/11/10","32475","185","-0.57","32497.65","32335","32495","32215","5273275","170930478360","6382961250000","6379288592531","196550000","코스피 200","323.75","1.54","-0.47"
"2023/11/09","32660","155","0.48","32653.09","32505","32780","32445","4401718","143716406015","6272353000000","6417964866646","192050000","코스피 200","325.29","1.29","0.40"
"2023/11/08","32505","305","-0.93","32522.46","33050","33110","32420","4718349","153839121305","6271839750000","6245938220151","192950000","코스피 200","324.00","3.29","-1.01"
"2023/11/07","32810","605","-1.81","32852.67","33155","33215","32490","8868833","290768801820","6299520000000","6338922108005","192000000","코스피 200","327.29","6.87","-2.06"
"2023/11/06","33415","1495","4.68","33540.19","32445","33415","32335","10194152","337431186240","6353862250000","6439715867455","190150000","코스피 200","334.16","15.92","5.00"
"2023/11/03","31920","320","1.01","31941.30","31900","31985","31765","4490811","143178262815","6002556000000","6073638918570","188050000","코스피 200","318.24","3.08","0.98"
"2023/11/02","31600","515","1.66","31633.04","31600","31750","31520","6131947","193936288990","5912360000000","5948592574871","187100000","코스피 200","315.16","5.45","1.76"
"2023/11/01","31085","425","1.39","31086.04","30855","31150","30840","4694504","145773815020","5825329000000","5816197838433","187400000","코스피 200","309.71","4.15","1.36"
"2023/10/31","30660","380","-1.22","30669.52","31205","31270","30625","5657280","174107719393","5745684000000","5747467916739","187400000","코스피 200","305.56","3.39","-1.10"
"2023/10/30","31040","85","0.27","31010.65","30810","31120","30800","3535956","109514947790","5816896000000","5811395609084","187400000","코스피 200","308.95","0.42","0.14"
"2023/10/27","31055","30","0.10","30967.01","31165","31230","30940","4329063","134491936210","5735858500000","5803216805041","184700000","코스피 200","308.53","0.78","0.25"
"2023/10/26","31025","815","-2.56","30988.74","31355","31420","30995","4681591","145855372590","5699292500000","5723620766260","183700000","코스피 200","307.75","8.74","-2.76"
"2023/10/25","31840","175","-0.55","31865.52","32105","32120","31830","3758074","120033328510","5866520000000","5853695157244","184250000","코스피 200","316.49","1.94","-0.61"
"2023/10/24","32015","245","0.77","32061.31","31920","32035","31375","5387775","171387155240","5932379500000","5907297257213","185300000","코스피 200","318.43","2.93","0.93"
"2023/10/23","31770","170","-0.53","31766.84","31905","31985","31715","3815317","121339218890","5931459000000","5886395096343","186700000","코스피 200","315.50","2.46","-0.77"
"2023/10/20","31940","490","-1.51","32015.05","32175","32200","31815","5747441","183960032080","5860990000000","5977209791028","183500000","코스피 200","317.96","4.80","-1.49"
"2023/10/19","32430","630","-1.91","32497.94","32635","32675","32410","5179844","168312556035","5869830000000","5963372142103","181000000","코스피 200","322.76","6.06","-1.84"
"2023/10/18","33060","140","0.43","33104.34","32835","33090","32825","5119785","169204591380","6028491000000","5991885058498","182350000","코스피 200","328.82","1.47","0.45"
"2023/10/17","32920","400","1.23","32956.87","32750","32995","32680","4094158","134705457600","6050696000000","6009684571241","183800000","코스피 200","327.35","4.06","1.26"
"2023/10/16","32520","250","-0.76","32548.45","32610","32755","32320","4402616","143166310155","5926770000000","5982404801834","182250000","코스피 200","323.29","2.48","-0.76"
"2023/10/13","32770","290","-0.88","32798.06","32755","32880","32685","3346991","109755017590","5747858000000","5977445740119","175400000","코스피 200","325.77","3.08","-0.94"
"2023/10/12","33060","370","1.13","33106.96","32865","33075","32865","6337428","209025503195","5750787000000","5806960147938","173950000","코스피 200","328.85","4.11","1.27"
"2023/10/11","32690","540","1.68","32693.91","32595","32925","32590","6209888","203408579655","5666811500000","5687105556960","173350000","코스피 200","324.74","5.63","1.76"
"2023/10/10","32150","75","0.23","32129.76","32405","32665","32130","5059978","163410882455","5475145000000","5569693545987","170300000","코스피 200","319.11","0.17","0.05"
"2023/10/06","32075","60","0.19","32112.19","32060","32225","32005","5530666","177487470190","5512088750000","5468705128809","171850000","코스피 200","318.94","0.36","0.11"
"2023/10/05","32015","10","0.03","32078.16","32235","32260","32000","8742454","280931471255","5532192000000","5512632324001","172800000","코스피 200","318.58","0.87","-0.27"
"2023/10/04","32005","870","-2.65","32164.46","32480","32480","31990","12823224","411175205385","5624878750000","5558018983663","175750000","코스피 200","319.45","7.26","-2.22"
"2023/09/27","32875","80","0.24","32891.84","32620","32875","32595","11126321","365444500645","5771206250000","5780740555277","175550000","코스피 200","326.71","0.19","-0.06"
"2023/09/26","32795","435","-1.31","32912.58","33230","33240","32760","8274671","272120430845","5853907500000","5777803952714","178500000","코스피 200","326.90","4.68","-1.41"
"2023/09/25","33230","30","0.09","33284.71","33105","33295","33055","5527636","183647649900","6022937500000","5941320277351","181250000","코스피 200","331.58","0.44","-0.13"
"2023/09/22","33200","120","-0.36","33330.22","33005","33290","32930","7803331","259226883255","5972680000000","6041102957787","179900000","코스피 200","332.02","1.02","-0.31"
"2023/09/21","33320","595","-1.75","33433.10","33715","33780","33315","8451806","282655060545","6234172000000","6014614796809","187100000","코스피 200","333.04","5.71","-1.69"
"2023/09/20","33915","5","-0.01","34005.55","33900","34025","33825","4933163","167431785570","6355671000000","6362437802963","187400000","코스피 200","338.75","0.07","-0.02"
"2023/09/19","33920","260","-0.76","34012.25","34250","34250","33870","5277235","179400347779","6092032000000","6373895210848","179600000","코스피 200","338.82","1.85","-0.54"
"2023/09/18","34180","415","-1.20","34197.84","34325","34490","34175","4430765","151670267425","6121638000000","6141932527911","179100000","코스피 200","340.67","4.31","-1.25"
"2023/09/15","34595","445","1.30","34631.81","34190","34725","34170","10140955","350800490580","6208072750000","6202557933984","179450000","코스피 200","344.98","3.79","1.11"
"2023/09/14","34150","475","1.41","34251.56","33770","34150","33755","3539713","120474095920","6112850000000","6146442750313","179000000","코스피 200","341.19","5.20","1.55"
"2023/09/13","33675","25","0.07","33729.44","33650","33835","33570","4489610","151294819780","6041295000000","6037569848478","179400000","코스피 200","335.99","0.45","0.13"
"2023/09/12","33650","175","-0.52","33683.73","33940","33970","33630","4650274","156726474355","5989700000000","6042860437763","178000000","코스피 200","335.54","2.04","-0.60"
"2023/09/11","33825","95","0.28","33888.46","33745","33845","33625","4173679","141182628885","6030997500000","6032145152659","178300000","코스피 200","337.58","1.18","0.35"
"2023/09/08","33730","50","0.15","33770.33","33725","33740","33480","4100271","138225016615","5988761500000","6021249317946","177550000","코스피 200","336.40","0.34","-0.10"
"2023/09/07","33680","170","-0.50","33802.70","33755","33855","33600","3837258","129481742095","5993356000000","6001669860575","177950000","코스피 200","336.74","1.11","-0.33"
"2023/09/06","33850","240","-0.70","33913.75","34025","34125","33815","3958831","134209451440","5981295000000","6034950998845","176700000","코스피 200","337.85","2.44","-0.72"
"2023/09/05","34090","35","-0.10","34158.84","34040","34195","34010","3559458","121454157580","6040748000000","6035867472136","177200000","코스피 200","340.29","0.73","-0.21"
"2023/09/04","34125","215","0.63","34231.55","34010","34125","33850","3263322","111323559855","5990643750000","6065830080733","175550000","코스피 200","341.02","2.74","0.81"
"2023/09/01","33910","335","1.00","33957.18","33485","33970","33475","7052806","238940370525","5941032000000","5961183639382","175200000","코스피 200","338.28","3.53","1.05"
"2023/08/31","33575","15","0.04","33604.64","33630","33675","33430","3830111","128602228635","5821905000000","5887532555988","173400000","코스피 200","334.75","0.19","-0.06"
"2023/08/30","33560","100","0.30","33623.61","33790","33825","33560","3237969","108947077535","5809236000000","5830334693406","173100000","코스피 200","334.94","1.18","0.35"
"2023/08/29","33460","155","0.47","33505.10","33470","33515","33350","4018417","134507047650","5805310000000","5799732127329","173500000","코스피 200","333.76","1.23","0.37"
"2023/08/28","33305","225","0.68","33382.52","33290","33340","33160","4015465","133793099130","5736786250000","5791867677459","172250000","코스피 200","332.53","2.28","0.69"
"2023/08/25","33080","365","-1.09","33155.25","32980","33210","32960","4595875","152132992645","5749304000000","5710992034448","173800000","코스피 200","330.25","3.57","-1.07"
"2023/08/24","33445","450","1.36","33511.12","33345","33465","33300","4040484","135093894985","5657221750000","5824233135386","169150000","코스피 200","333.82","4.67","1.42"
"2023/08/23","32995","70","-0.21","33042.25","32905","33085","32855","4340162","143199893095","5449124250000","5589096375878","165150000","코스피 200","329.15","0.55","-0.17"
"2023/08/22","33065","130","0.39","33097.81","33135","33290","32935","6094050","201667433725","5602864250000","5466102504870","169450000","코스피 200","329.70","0.86","0.26"
"2023/08/21","32935","25","0.08","33010.74","32985","33175","32900","3525107","116336436205","5651646000000","5593669448355","171600000","코스피 200","328.84","0.42","0.13"
"2023/08/18","32910","175","-0.53","32969.62","32700","33090","32655","6251548","205728778265","5700012000000","5657586861804","173200000","코스피 200","328.42","1.81","-0.55"
"2023/08/17","33085","100","-0.30","33150.38","32980","33085","32655","6816054","224817700955","5819651500000","5741646096715","175900000","코스피 200","330.23","1.05","-0.32"
"2023/08/16","33185","505","-1.50","33255.69","33435","33445","33140","4192173","139454013280","5883700500000","5849676204826","177300000","코스피 200","331.28","5.05","-1.50"
"2023/08/14","33690","305","-0.90","33762.00","33890","34000","33585","2612622","88160273805","5941231500000","5986003319454","176350000","코스피 200","336.33","2.65","-0.78"
"2023/08/11","33995","110","-0.32","34027.51","34175","34370","33975","4256388","145027063160","6017115000000","6000751187186","177000000","코스피 200","338.98","1.48","-0.43"
"2023/08/10","34105","110","-0.32","34174.86","34005","34105","33970","5871749","200228157570","6116731750000","6048950273599","179350000","코스피 200","340.46","1.15","-0.34"
"2023/08/09","34215","370","1.09","34290.68","33900","34295","33895","4899630","167608032230","6097113000000","6150032879819","178200000","코스피 200","341.61","3.66","1.08"
"2023/08/08","33845","285","-0.84","33922.88","34250","34290","33770","4778109","162206993755","5953335500000","6045056704380","175900000","코스피 200","337.95","1.73","-0.51"
"2023/08/07","34130","85","-0.25","34095.59","34040","34380","34000","4514528","154172929685","6058075000000","5997413478855","177500000","코스피 200","339.68","1.57","-0.46"
"2023/08/04","34215","5","0.01","34252.63","34275","34320","34110","4834540","165498992705","6086848500000","6079841265472","177900000","코스피 200","341.25","0.29","-0.08"
"2023/08/03","34210","230","-0.67","34283.74","34450","34555","34080","4962396","170104792650","6027802000000","6099077802950","176200000","코스피 200","341.54","2.26","-0.66"
"2023/08/02","34440","765","-2.17","34512.53","34975","35015","34395","3910880","135275646055","6094158000000","6081107320260","176950000","코스피 200","343.80","7.20","-2.05"
"2023/08/01","35205","570","1.65","35234.07","34720","35210","34715","4677453","164299153550","6229524750000","6234669273836","176950000","코스피 200","351.00","5.38","1.56"
"2023/07/31","34635","155","0.45","34696.99","34685","34800","34565","4536470","157276026925","6128663250000","6139632356366","176950000","코스피 200","345.62","1.59","0.46"
"2023/07/28","34480","80","-0.23","34537.33","34415","34535","34225","4229850","145709139910","6101236000000","6111381402595","176950000","코스피 200","344.03","0.73","-0.21"
"2023/07/27","34635","415","1.21","34612.62","34330","34680","34260","3598761","124384003995","6059393250000","6124703460027","174950000","코스피 200","344.76","4.20","1.23"
"2023/07/26","34220","450","-1.30","34268.95","34655","34720","34165","3558154","122093845965","6034697000000","5995352446554","176350000","코스피 200","340.56","4.36","-1.26"
"2023/07/25","34670","60","0.17","34706.14","34680","34760","34445","4880514","169095804825","6157392000000","6120427408037","177600000","코스피 200","344.92","0.60","0.17"
"2023/07/24","34610","225","0.65","34644.84","34365","34725","34215","5106302","176607133120","6155388500000","6152923061897","177850000","코스피 200","344.32","1.93","0.56"
"2023/07/21","34385","35","0.10","34450.51","34100","34385","33895","4175557","143088700720","6149757250000","6127022964142","178850000","코스피 200","342.39","0.72","0.21"
"2023/07/20","34350","105","-0.30","34378.76","34230","34485","34200","4496190","154553925015","6251700000000","6148641075506","182000000","코스피 200","341.67","1.44","-0.42"
"2023/07/19","34455","40","-0.12","34522.90","34685","34710","34350","4500641","155292385610","6243246000000","6283168329485","181200000","코스피 200","343.11","0.27","-0.08"
"2023/07/18","34495","225","-0.65","34550.09","34810","34850","34460","5481158","189389052205","6102165500000","6260475683066","176900000","코스피 200","343.38","2.37","-0.69"
"2023/07/17","34720","135","-0.39","34786.50","34670","34865","34635","4184041","145394937215","6108984000000","6153731028938","175950000","코스피 200","345.75","1.18","-0.34"
"2023/07/14","34855","520","1.51","34905.11","34540","34855","34450","7292260","253801526925","6101367750000","6141554460974","175050000","코스피 200","346.93","5.80","1.70"
"2023/07/13","34335","270","0.79","34323.70","34320","34455","34295","4878608","167566763850","5879868750000","6008362849825","171250000","코스피 200","341.13","1.67","0.49"
"2023/07/12","34065","220","0.65","34156.74","33850","34070","33750","3893039","132569906860","5830224750000","5849341565495","171150000","코스피 200","339.46","2.44","0.72"
"2023/07/11","33845","610","1.84","33912.07","33475","33845","33440","5441607","183963624855","5836570250000","5804050317120","172450000","코스피 200","337.02","6.18","1.87"
"2023/07/10","33235","55","-0.17","33292.96","33340","33505","33185","4109417","136897511815","5874286250000","5741371582375","176750000","코스피 200","330.84","0.73","-0.22"
"2023/07/07","33290","480","-1.42","33366.43","33575","33580","33185","5853036","195087372130","5975555000000","5897515640508","179500000","코스피 200","331.57","4.63","-1.38"
"2023/07/06","33770","260","-0.76","33831.44","34010","34020","33730","4764556","161174972060","6095485000000","6072742983408","180500000","코스피 200","336.20","2.84","-0.84"
"2023/07/05","34030","325","-0.95","34115.02","34300","34430","34030","5141747","175362500205","5956951500000","6157761481468","175050000","코스피 200","339.04","2.55","-0.75"
"2023/07/04","34355","135","-0.39","34371.01","34475","34525","34335","6672043","229342171860","6029302500000","6016646143023","175500000","코스피 200","341.59","1.49","-0.43"
"2023/07/03","34490","530","1.56","34521.47","34085","34515","34085","3845275","132412888480","6137495500000","6058517795786","177950000","코스피 200","343.08","5.13","1.52"
"2023/06/30","33960","100","0.30","34006.63","33870","34050","33620","5393824","182958850630","6041484000000","6051480582597","177900000","코스피 200","337.95","1.56","0.46"
"2023/06/29","33860","5","-0.01","33850.66","33965","34175","33860","4378180","148512609895","6013536000000","6022032323858","177600000","코스피 200","336.39","2.02","-0.60"
"2023/06/28","33865","185","-0.54","33936.92","34175","34175","33805","5107857","173228518465","5983945500000","6027196942535","176700000","코스피 200","338.41","1.91","-0.56"
"2023/06/27","34050","15","-0.04","34129.46","34000","34070","33885","4294631","146190051100","6003015000000","6030676427424","176300000","코스피 200","340.32","0.06","-0.02"
"2023/06/26","34065","170","0.50","34134.62","33840","34100","33805","3577737","121934159545","6061866750000","6017933602774","177950000","코스피 200","340.38","1.93","0.57"
"2023/06/23","33895","165","-0.48","33941.29","34195","34225","33855","6266048","212726769145","6089236750000","6039852862734","179650000","코스피 200","338.45","2.67","-0.78"
"2023/06/22","34060","85","0.25","34209.42","33910","34180","33895","3096561","105658854620","6127394000000","6145721974592","179900000","코스피 200","341.12","1.68","0.49"
"2023/06/21","33975","320","-0.93","34041.43","34230","34235","33960","4799234","163365784355","6112102500000","6124052724380","179900000","코스피 200","339.44","3.14","-0.92"
"2023/06/20","34295","60","-0.17","34355.19","34260","34340","34155","4699219","161212215545","6162811500000","6180498432091","179700000","코스피 200","342.58","0.55","-0.16"
"2023/06/19","34355","190","-0.55","34411.21","34445","34490","34260","3673429","126262554745","6166722500000","6183695233777","179500000","코스피 200","343.13","2.04","-0.59"
"2023/06/16","34545","165","0.48","34617.20","34555","34575","34350","5714938","197294200570","6119646750000","6213787266511","177150000","코스피 200","345.17","1.98","0.58"
"2023/06/15","34380","120","-0.35","34417.20","34585","34700","34340","5777708","198922040465","6023376000000","6097006783903","175200000","코스피 200","343.19","1.46","-0.42"
"2023/06/14","34500","170","-0.49","34563.17","34670","34710","34435","6200984","214201241090","6015075000000","6055467127207","174350000","코스피 200","344.65","1.74","-0.50"
"2023/06/13","34670","165","0.48","34738.39","34705","34785","34575","6870619","238409183565","6058582500000","6056638728379","174750000","코스피 200","346.39","1.82","0.53"
"2023/06/12","34505","225","-0.65","34555.06","34810","34855","34420","6195794","214032077620","6017672000000","6038497330775","174400000","코스피 200","344.57","2.22","-0.64"
"2023/06/09","34730","455","1.33","34777.38","34450","34780","34340","4790733","165964378170","6056912000000","6065174341357","174400000","코스피 200","346.79","4.04","1.18"
"2023/06/08","34275","45","-0.13","34372.97","34215","34300","34100","3996672","136959745470","5977560000000","5994645741480","174400000","코스피 200","342.75","0.47","-0.14"
"2023/06/07","34320","75","-0.22","34421.20","34495","34580","34320","2843547","97982658610","5945940000000","6003058123174","173250000","코스피 200","343.22","0.69","-0.20"
"2023/06/05","34395","100","0.29","34489.83","34500","34515","34345","4238342","145941410345","5972691750000","5975362867752","173650000","코스피 200","343.91","1.24","0.36"
"2023/06/02","34295","435","1.28","34366.22","34080","34295","34050","6094219","208791165960","5972474250000","5967694545240","174150000","코스피 200","342.67","4.59","1.36"
"2023/06/01","33860","110","-0.32","33905.55","33925","34020","33780","4794356","162480109680","5928886000000","5904651693556","175100000","코스피 200","338.08","1.04","-0.31"
"2023/05/31","33970","245","-0.72","34010.82","34170","34300","33970","5638414","191932468060","5929463500000","5955294249531","174550000","코스피 200","339.12","2.38","-0.70"
"2023/05/30","34215","455","1.35","34249.18","34100","34225","34030","4103040","140238958950","5965385250000","5978194559373","174350000","코스피 200","341.50","4.39","1.30"
"2023/05/26","33760","115","0.34","33815.75","33700","33865","33635","5966030","201561072485","5962016000000","5895776785199","176600000","코스피 200","337.11","1.76","0.52"
"2023/05/25","33645","30","-0.09","33639.87","33840","33865","33565","5259621","177011106975","5897968500000","5940800897601","175300000","코스피 200","335.35","1.14","-0.34"
"2023/05/24","33675","125","-0.37","33754.73","33600","33810","33590","4566173","153948583920","5898176250000","5917204723983","175150000","코스피 200","336.49","0.60","-0.18"
"2023/05/23","33800","100","0.30","33815.57","33815","33920","33715","5034538","170235907845","5803460000000","5922797313508","171700000","코스피 200","337.09","0.82","0.24"
"2023/05/22","33700","215","0.64","33733.09","33485","33840","33425","3957548","133445816025","5675080000000","5791970910267","168400000","코스피 200","336.27","2.04","0.61"
"2023/05/19","33485","465","1.41","33528.85","33260","33505","33260","5211634","174403754495","5670684750000","5646258530858","169350000","코스피 200","334.23","4.39","1.33"
"2023/05/18","33020","315","0.96","33088.40","32905","33040","32815","4944113","163261974235","5549011000000","5603520482215","168050000","코스피 200","329.84","3.23","0.99"
"2023/05/17","32705","105","0.32","32764.62","32540","32805","32530","4019257","131544581365","5576202500000","5506094888791","170500000","코스피 200","326.61","1.30","0.40"
"2023/05/16","32600","90","0.28","32634.14","32720","32835","32535","5661588","184799898765","5426270000000","5564120230334","166450000","코스피 200","325.31","0.85","0.26"
"2023/05/15","32510","90","0.28","32548.35","32350","32510","32220","6872961","223184667430","5440548500000","5417673118284","167350000","코스피 200","324.46","0.85","0.26"
"2023/05/12","32420","155","-0.48","32462.44","32455","32580","32355","6233274","202265627220","5598934000000","5432588929362","172700000","코스피 200","323.61","1.67","-0.51"
"2023/05/11","32575","90","-0.28","32630.57","32780","32895","32575","5099307","166643617680","5643618750000","5635298695006","173250000","코스피 200","325.28","0.76","-0.23"
"2023/05/10","32665","205","-0.62","32706.44","32860","32860","32535","6417438","209824543790","5499152750000","5666391106912","168350000","코스피 200","326.04","2.18","-0.66"
"2023/05/09","32870","100","-0.30","32925.58","32910","32925","32760","4545144","149393290740","5638848500000","5543022169045","171550000","코스피 200","328.22","0.68","-0.21"
"2023/05/08","32970","410","1.26","32993.70","32920","33070","32875","6547105","215955015275","5598306000000","5660069154002","169800000","코스피 200","328.90","2.73","0.84"
"2023/05/04","32560","125","-0.38","32718.90","32555","32650","32455","7297380","238062851860","5463568000000","5555669928303","167800000","코스피 200","326.17","0.35","-0.11"
"2023/05/03","32685","295","-0.89","32755.74","32725","32820","32620","6572422","214928355865","5731314750000","5496413236595","175350000","코스피 200","326.52","2.57","-0.78"
"2023/05/02","32980","355","1.09","33014.50","32720","32980","32675","6646106","218904219825","5779745000000","5789093016728","175250000","코스피 200","329.09","2.63","0.81"
"2023/04/28","32625","65","0.20","32750.42","32735","32895","32490","9407032","307289146117","5717531250000","5739511440828","175250000","코스피 200","326.46","1.37","0.42"
"2023/04/27","32560","110","0.34","32608.52","32470","32580","32160","6525733","212123201055","5706140000000","5714643136167","175250000","코스피 200","325.09","1.12","0.35"
"2023/04/26","32895","35","-0.11","32496.22","32905","33045","32830","2520056","82995885300","5794454250000","5694962935774","176150000","코스피 200","323.97","0.51","-0.16"
"2023/04/25","32930","420","-1.26","32993.16","33430","33475","32765","3317457","109786612955","5881298000000","5811745940014","178600000","코스피 200","324.48","4.22","-1.28"
"2023/04/24","33350","230","-0.68","33415.61","33470","33520","33325","4922359","164532449595","5874602500000","5968028678901","176150000","코스피 200","328.70","2.24","-0.68"
"2023/04/21","33580","170","-0.50","33641.02","33675","33740","33460","4914696","165155766465","5940302000000","5925864949704","176900000","코스피 200","330.94","1.72","-0.52"
"2023/04/20","33750","100","-0.30","33813.83","33735","33845","33625","6235271","210569402675","6220125000000","5981666095525","184300000","코스피 200","332.66","1.11","-0.33"
"2023/04/19","33850","25","0.07","33925.16","33810","33980","33780","5738461","194445699335","6269020000000","6252407629845","185200000","코스피 200","333.77","0.27","0.08"
"2023/04/18","33825","50","-0.15","33897.76","33900","33945","33615","7293412","246706230914","6073278750000","6277864945579","179550000","코스피 200","333.50","0.42","-0.13"
"2023/04/17","33875","10","0.03","33939.40","33850","33920","33715","5285508","178911176105","6104275000000","6093818789858","180200000","코스피 200","333.92","0.24","0.07"
"2023/04/14","33865","120","0.36","33914.67","33950","34090","33760","6593733","223558624285","6143111000000","6111422713419","181400000","코스피 200","333.68","0.59","0.18"
"2023/04/13","33745","65","0.19","33856.52","33515","33780","33445","6098806","205691680915","6048791250000","6141573242373","179250000","코스피 200","333.09","1.00","0.30"
"2023/04/12","33680","105","0.31","33756.52","33540","33775","33495","5098099","171773133540","5803064000000","6050855686050","172300000","코스피 200","332.09","1.22","0.37"
"2023/04/11","33575","435","1.31","33634.41","33235","33660","33205","5502605","184490628720","5805117500000","5795208944711","172900000","코스피 200","330.87","4.49","1.38"
"2023/04/10","33140","315","0.96","33184.73","32805","33295","32765","8112053","268944156455","5884007000000","5737640564026","177550000","코스피 200","326.38","3.02","0.93"
"2023/04/07","32825","550","1.70","32882.61","32510","32885","32510","6587819","216208891320","5668877500000","5838306864123","172700000","코스피 200","323.36","5.54","1.74"
"2023/04/06","32275","585","-1.78","32327.43","32720","32745","32260","6729393","217744763520","5601326250000","5582947693449","173550000","코스피 200","317.82","5.74","-1.77"
"2023/04/05","32860","185","0.57","32903.29","32680","32895","32635","6321033","207702281265","5691352000000","5710366674516","173200000","코스피 200","323.56","1.81","0.56"
"2023/04/04","32675","150","0.46","32720.88","32555","32780","32510","7988788","261156773550","5781841250000","5667257034300","176950000","코스피 200","321.75","1.37","0.43"
"2023/04/03","32525","165","-0.50","32585.47","32785","32785","32475","5461242","177904474455","5685370000000","5765999293651","174800000","코스피 200","320.38","1.65","-0.51"
"2023/03/31","32690","380","1.18","32752.16","32425","32755","32375","5144213","168109703055","5751805500000","5725076776016","175950000","코스피 200","322.03","3.98","1.25"
"2023/03/30","32310","225","0.70","32335.13","32280","32430","32130","7446921","240561362970","5605785000000","5689365352188","173500000","코스피 200","318.05","1.04","0.33"
"2023/03/29","32085","50","0.16","32152.52","31975","32100","31885","4037083","129433969505","5568351750000","5578462466460","173550000","코스피 200","317.01","0.65","0.21"
"2023/03/28","32035","370","1.17","32086.91","31775","32035","31735","5838145","186680688850","5687814250000","5568683543132","177550000","코스피 200","316.36","3.51","1.12"
"2023/03/27","31665","145","-0.46","31735.23","31915","31915","31505","5621782","178093644445","5587289250000","5634590171136","176450000","코스피 200","312.85","1.45","-0.46"
"2023/03/24","31810","110","-0.34","31881.62","31910","31955","31640","6994412","222500841390","5490406000000","5625512519130","172600000","코스피 200","314.30","1.45","-0.46"
"2023/03/23","31920","95","0.30","32027.35","31590","31940","31555","5458177","174028567875","5582808000000","5527920033152","174900000","코스피 200","315.75","1.64","0.52"
"2023/03/22","31825","395","1.26","31865.01","31710","31835","31605","6252859","198662085400","5486630000000","5573189935741","172400000","코스피 200","314.11","3.75","1.21"
"2023/03/21","31430","80","0.26","31488.81","31525","31600","31360","5667089","178364728650","5504964500000","5428671136218","175150000","코스피 200","310.36","0.87","0.28"
"2023/03/20","31350","230","-0.73","31401.08","31570","31725","31345","5826171","183212974870","5395335000000","5499898986978","172100000","코스피 200","309.49","2.58","-0.83"
"2023/03/17","31580","360","1.15","31660.26","31575","31660","31355","6982096","220449351940","5572291000000","5448730239415","176450000","코스피 200","312.07","3.68","1.19"
"2023/03/16","31220","115","-0.37","31290.45","31015","31310","30855","8495023","265065531080","5532184000000","5521200636935","177200000","코스피 200","308.39","0.71","-0.23"
"2023/03/15","31335","390","1.26","31361.41","31260","31530","31180","8461081","265315988630","5521227000000","5557241134623","176200000","코스피 200","309.10","3.52","1.15"
"2023/03/14","30945","740","-2.34","31009.01","31380","31390","30920","12296619","381888297415","5511304500000","5463787807972","178100000","코스피 200","305.58","7.63","-2.44"
"2023/03/13","31685","255","0.81","31772.61","31575","31760","31205","8695718","274529441735","5696963000000","5658701805367","179800000","코스피 200","313.21","2.56","0.82"
"2023/03/10","31430","345","-1.09","31515.45","31400","31530","31265","8278301","260037598185","5860123500000","5666478446890","186450000","코스피 200","310.65","3.39","-1.08"
"2023/03/09","31775","100","-0.31","31857.31","32000","32075","31775","6727453","214561676990","5911738750000","5939796199741","186050000","코스피 200","314.04","1.34","-0.42"
"2023/03/08","31875","460","-1.42","31993.74","32040","32055","31820","10926009","348580091245","5959031250000","5952436103359","186950000","코스피 200","315.38","4.42","-1.38"
"2023/03/07","32335","170","-0.52","32436.59","32455","32605","32335","6041336","196008873360","6095147500000","6064021194359","188500000","코스피 200","319.80","1.14","-0.36"
"2023/03/06","32505","450","1.40","32550.90","32330","32520","32190","9192392","297605621440","6045930000000","6135845305902","186000000","코스피 200","320.94","4.58","1.45"
"2023/03/03","32055","70","0.22","32092.38","32160","32205","31915","7146172","229128691710","5973449250000","5969182773966","186350000","코스피 200","316.36","0.10","0.03"
"2023/03/02","31985","80","0.25","32082.58","31930","32270","31815","9905318","317366582850","6120329750000","5978588782300","191350000","코스피 200","316.26","1.46","0.46"
"2023/02/28","31905","90","0.28","31936.38","31930","32180","31815","7805412","249639211667","6095450250000","6111025601184","191050000","코스피 200","314.80","0.86","0.27"
"2023/02/27","31815","285","-0.89","31849.83","31810","31825","31545","11282435","358037921895","6065529750000","6084910422082","190650000","코스피 200","313.94","3.00","-0.95"
"2023/02/24","32100","290","-0.90","32150.33","32330","32520","32080","6935454","223414475165","6286785000000","6129460772347","195850000","코스피 200","316.94","2.50","-0.78"
"2023/02/23","32390","405","1.27","32400.07","32110","32515","32100","12572489","407324354230","6330625500000","6345553365780","195450000","코스피 200","319.44","3.50","1.11"
"2023/02/22","31985","565","-1.74","32049.29","32160","32265","31970","8547649","273929167270","6347423250000","6264033406982","198450000","코스피 200","315.94","5.62","-1.75"
"2023/02/21","32550","45","-0.14","32612.87","32590","32680","32390","5417319","176404335280","6379800000000","6472024221174","196000000","코스피 200","321.56","0.23","-0.07"
"2023/02/20","32595","110","0.34","32631.40","32520","32705","32200","6087937","198083985175","6356025000000","6395755348553","195000000","코스피 200","321.79","1.01","0.31"
"2023/02/17","32485","290","-0.88","32531.02","32315","32770","32315","7266595","236430563975","6243617000000","6343549582115","192200000","코스피 200","320.78","3.32","-1.02"
"2023/02/16","32775","640","1.99","32863.01","32350","32850","32330","7077262","231675915520","6309187500000","6316270079137","192500000","코스피 200","324.10","6.11","1.92"
"2023/02/15","32135","620","-1.89","32250.41","32825","32830","32115","11497540","370850542800","6267931750000","6208203351152","195050000","코스피 200","317.99","5.48","-1.69"
"2023/02/14","32755","195","0.60","32803.14","32825","32990","32695","6964312","228539594305","6519882750000","6398253215006","199050000","코스피 200","323.47","1.72","0.53"
"2023/02/13","32560","195","-0.60","32630.86","32585","32675","32340","10210789","332199306660","6451764000000","6495172769504","198150000","코스피 200","321.75","1.94","-0.60"
"2023/02/10","32755","85","-0.26","32825.69","32635","32790","32520","8029663","262683391295","6074414750000","6504409545559","185450000","코스피 200","323.69","1.21","-0.37"
"2023/02/09","32840","105","-0.32","32945.25","32750","32970","32665","6633140","218092031195","5967028000000","6109695827962","181700000","코스피 200","324.90","0.73","-0.22"
"2023/02/08","32945","505","1.56","33022.98","32645","33050","32640","7531065","248098869630","6084941500000","6000275699992","184700000","코스피 200","325.63","5.08","1.58"
"2023/02/07","32440","200","0.62","32515.17","32265","32540","32190","5380254","174593240100","5915434000000","6005551244003","182350000","코스피 200","320.55","1.72","0.54"
"2023/02/06","32240","750","-2.27","32335.91","32695","32780","32240","9254976","300306655820","5698420000000","5896453014334","176750000","코스피 200","318.83","7.03","-2.16"
"2023/02/03","32990","135","0.41","33040.32","32795","33080","32660","5538504","182510314860","5623145500000","5839876756503","170450000","코스피 200","325.86","1.93","0.60"
"2023/02/02","32855","350","1.08","32847.37","32950","33085","32595","8822068","289890951640","5632989750000","5598834412780","171450000","코스피 200","323.93","2.74","0.85"
"2023/02/01","32505","350","1.09","32573.18","32385","32585","32280","6413355","208176566255","5579483250000","5584672383556","171650000","코스피 200","321.19","3.93","1.24"
"2023/01/31","32155","505","-1.55","32181.08","32660","32720","32115","7811334","252255279610","5519405750000","5523883089067","171650000","코스피 200","317.26","5.41","-1.68"
"2023/01/30","32660","525","-1.58","32722.30","33200","33290","32650","6923472","226920197545","5606089000000","5616783638978","171650000","코스피 200","322.67","5.31","-1.62"
"2023/01/27","33260","260","0.79","33255.01","33070","33475","32940","4113349","136838342730","5790566000000","5708222615649","174100000","코스피 200","327.98","2.41","0.74"
"2023/01/26","33000","450","1.38","33080.64","32580","33035","32500","3786065","124177987450","5628150000000","5759339461194","170550000","코스피 200","325.57","4.81","1.50"
"2023/01/25","32550","505","1.58","32598.32","32495","32650","32450","4435906","144453539025","5577442500000","5559643881433","171350000","코스피 200","320.76","5.18","1.64"
"2023/01/20","32045","210","0.66","32078.79","31805","32055","31715","6784232","217005482680","5641522250000","5496700962958","176050000","코스피 200","315.58","1.77","0.56"
"2023/01/19","31835","195","0.62","31902.06","31470","31840","31470","5645260","179458019060","5658671250000","5616357991865","177750000","코스피 200","313.81","1.90","0.61"
"2023/01/18","31640","205","-0.64","31711.61","31810","31880","31465","5638277","178416388975","5524344000000","5636739106622","174600000","코스피 200","311.91","1.84","-0.59"
"2023/01/17","31845","255","-0.79","31896.55","32080","32130","31800","4685873","149500861700","5623827000000","5569137568659","176600000","코스피 200","313.75","2.29","-0.72"
"2023/01/16","32100","255","0.80","32124.94","31905","32235","31875","6503180","208778165745","5601450000000","5673263729005","174500000","코스피 200","316.04","2.27","0.72"
"2023/01/13","31845","230","0.73","31898.42","31695","32025","31685","6258098","199473050750","5657264250000","5566274055734","177650000","코스피 200","313.77","3.07","0.99"
"2023/01/12","31615","90","0.29","31590.52","31715","31750","31445","5442438","171905029500","5580047500000","5612056316627","176500000","코스피 200","310.70","0.32","0.10"
"2023/01/11","31525","55","0.17","31559.41","31610","31705","31375","6027427","190062303150","5523180000000","5570235638882","175200000","코스피 200","310.38","0.81","0.26"
"2023/01/10","31470","40","0.13","31478.82","31345","31675","31295","7504527","236001253315","5463192000000","5515088785164","173600000","코스피 200","309.57","0.12","-0.04"
"2023/01/09","31430","825","2.70","31490.63","30945","31440","30895","7939187","248640469465","5339957000000","5466773729980","169900000","코스피 200","309.69","8.16","2.71"
"2023/01/06","30605","325","1.07","30672.22","30070","30765","30070","7372663","225287089875","5114095500000","5211210751207","167100000","코스피 200","301.53","3.66","1.23"
"2023/01/05","30280","240","0.80","30305.28","30210","30425","30045","8142508","246413861600","5071900000000","5064012261451","167500000","코스피 200","297.87","1.89","0.64"
"2023/01/04","30040","620","2.11","30116.74","29255","30110","29240","8096923","242215858510","5085772000000","5044553797181","169300000","코스피 200","295.98","6.40","2.21"
"2023/01/03","29420","0","0.00","29473.67","29455","29545","28870","9260988","271108050450","5133790000000","4989892912359","174500000","코스피 200","289.58","0.21","-0.07"
"2023/01/02","29420","175","-0.59","29494.72","29665","29830","29390","5627556","166391373975","5147029000000","5146828407407","174950000","코스피 200","289.79","1.31","-0.45"
"2022/12/29","29595","540","-1.79","29626.57","29970","30010","29595","5512087","163751188125","5177645250000","5183168890972","174950000","코스피 200","291.10","5.99","-2.02"
"2022/12/28","30135","360","-1.18","30227.32","30355","30395","30100","7272311","219564885825","5249517000000","5288269182086","174200000","코스피 200","297.09","7.13","-2.34"
"2022/12/27","30495","215","0.71","30484.88","30410","30565","30355","2912644","88704433530","5229892500000","5310466494522","171500000","코스피 200","304.22","1.95","0.65"
"2022/12/26","30280","45","0.15","30288.79","30205","30315","30130","5992640","181352724245","5167282000000","5194527533365","170650000","코스피 200","302.27","0.20","0.07"
"2022/12/23","30235","530","-1.72","30270.16","30420","30500","30180","7174835","217221187000","5183790750000","5165602834378","171450000","코스피 200","302.07","5.41","-1.76"
"2022/12/22","30765","395","1.30","30812.19","30510","30765","30440","4637378","142250151565","5288503500000","5282749722527","171900000","코스피 200","307.48","4.25","1.40"
"2022/12/21","30370","75","-0.25","30386.10","30630","30635","30335","5724378","174084325145","5234269500000","5223369925850","172350000","코스피 200","303.23","0.82","-0.27"
"2022/12/20","30445","255","-0.83","30468.57","30585","30690","30320","5809168","177021159380","5469444250000","5251258649105","179650000","코스피 200","304.05","2.72","-0.89"
"2022/12/19","30700","5","0.02","30740.53","30620","30835","30575","4226027","129738257345","5407805000000","5522535638379","176150000","코스피 200","306.77","0.71","-0.23"
"2022/12/16","30695","145","-0.47","30811.78","30380","30735","30375","5847327","179330091205","5347069000000","5427495608321","174200000","코스피 200","307.48","0.25","-0.08"
"2022/12/15","30840","520","-1.66","30837.63","31170","31210","30840","7233435","223640538485","5455596000000","5371915553495","176900000","코스피 200","307.73","5.50","-1.76"
"2022/12/14","31360","350","1.13","31389.46","31125","31395","31115","4928094","154403517750","5527200000000","5552796001882","176250000","코스피 200","313.23","3.67","1.19"
"2022/12/13","31010","25","-0.08","31022.45","31200","31225","30900","6070944","188309352040","5364730000000","5467707559948","173000000","코스피 200","309.56","0.08","-0.03"
"2022/12/12","31035","195","-0.62","31031.55","31010","31100","30930","5504100","170767974555","5365951500000","5368457723485","172900000","코스피 200","309.64","1.99","-0.64"
"2022/12/09","31230","360","1.17","31230.40","31025","31275","30905","5317174","165538032365","5399667000000","5399736042790","172900000","코스피 200","311.63","3.39","1.10"
"2022/12/08","30870","0","0.00","30891.26","30895","30935","30660","7341164","226043218435","5337423000000","5341099459110","172900000","코스피 200","308.24","0.03","-0.01"
"2022/12/07","30870","175","-0.56","30897.05","30935","31065","30850","3129663","96772328450","5442381000000","5342100567501","176300000","코스피 200","308.27","1.87","-0.60"
"2022/12/06","31045","400","-1.27","31084.76","31175","31370","31025","5119207","159880245870","5431322750000","5480243148426","174950000","코스피 200","310.14","3.77","-1.20"
"2022/12/05","31445","100","-0.32","31461.69","31655","31750","31355","9855214","310419685275","5546898000000","5504221857104","176400000","코스피 200","313.91","1.11","-0.35"
"2022/12/02","31545","720","-2.23","31573.04","32150","32150","31545","8153695","258525805435","5649709500000","5569483705513","179100000","코스피 200","315.02","7.00","-2.17"
"2022/12/01","32265","190","0.59","32273.33","32535","32610","32210","7577432","245115961495","5735103750000","5780154079956","177750000","코스피 200","322.02","1.02","0.32"
"2022/11/30","32075","475","1.50","32172.07","31430","32075","31430","4160884","132901576415","5853687500000","5718586000598","182500000","코스피 200","321.00","5.42","1.72"
"2022/11/29","31600","355","1.14","31629.97","31230","31610","31160","6566545","206550620040","5727500000000","5772470253778","181250000","코스피 200","315.58","3.37","1.08"
"2022/11/28","31245","385","-1.22","31291.47","31430","31440","31165","6537635","204418621070","5664718500000","5671579011052","181300000","코스피 200","312.21","3.86","-1.22"
"2022/11/25","31630","130","-0.41","31678.12","31780","31815","31620","4544368","143982543515","5889506000000","5743243577698","186200000","코스피 200","316.07","1.23","-0.39"
"2022/11/24","31760","295","0.94","31800.77","31685","31775","31565","11526271","365213024465","5866072000000","5921303188941","184700000","코스피 200","317.30","3.19","1.02"
"2022/11/23","31465","210","0.67","31481.38","31480","31565","31345","7472325","235112261920","5902834000000","5814610488472","187600000","코스피 200","314.11","2.09","0.67"
"2022/11/22","31255","225","-0.71","31273.28","31405","31555","31255","7751187","242808336960","5839996750000","5866868096340","186850000","코스피 200","312.02","2.65","-0.84"
"2022/11/21","31480","245","-0.77","31536.78","31800","31810","31375","10615738","334215204325","5908796000000","5892647848856","187700000","코스피 200","314.67","2.45","-0.77"
"2022/11/18","31725","70","-0.22","31782.28","31795","32105","31700","7653425","243670783755","5875470000000","5965533444784","185200000","코스피 200","317.12","0.37","0.12"
"2022/11/17","31795","425","-1.32","31744.88","32050","32085","31755","6539407","208211701370","5880485250000","5879151031495","184950000","코스피 200","316.75","5.21","-1.62"
"2022/11/16","32220","60","-0.19","32265.56","32345","32345","31870","9267661","298099091485","5957478000000","5967514611639","184900000","코스피 200","321.96","0.35","-0.11"
"2022/11/15","32280","90","0.28","32300.22","32285","32355","32065","6874640","221634507485","5734542000000","5972310018279","177650000","코스피 200","322.31","0.78","0.24"
"2022/11/14","32190","205","-0.63","32223.23","32435","32520","32170","11317755","365545668850","5815123500000","5724457480025","180650000","코스피 200","321.53","1.56","-0.48"
"2022/11/11","32395","1250","4.01","32380.96","32140","32430","32105","16211530","524066683445","5782507500000","5849620779535","178500000","코스피 200","323.09","11.96","3.84"
"2022/11/10","31145","395","-1.25","31185.31","31300","31525","31145","9085819","284078434855","5493978000000","5566577000919","176400000","코스피 200","311.13","4.10","-1.30"
"2022/11/09","31540","310","0.99","31594.78","31375","31665","31300","8762093","276259365240","5431188000000","5573318579840","172200000","코스피 200","315.23","3.22","1.03"
"2022/11/08","31230","445","1.45","31270.99","31020","31295","30945","9122938","284259603330","5382490500000","5384864904932","172350000","코스피 200","312.01","4.14","1.34"
"2022/11/07","30785","325","1.07","30856.70","30555","30830","30485","8097421","249022712690","5422777750000","5318151416008","176150000","코스피 200","307.87","3.54","1.16"
"2022/11/04","30460","265","0.88","30506.30","30065","30460","29960","7785493","235779051075","5456909000000","5373685026829","179150000","코스피 200","304.33","2.67","0.89"
"2022/11/03","30195","170","-0.56","30238.80","29855","30385","29735","6889893","207241353890","5317339500000","5417280819465","176100000","코스피 200","301.66","2.21","-0.73"
"2022/11/02","30365","55","-0.18","30460.46","30270","30500","30205","6338612","192597079720","5445962750000","5364086905553","179350000","코스피 200","303.87","0.01","-0.00"
"2022/11/01","30420","455","1.52","30461.45","30045","30425","30000","7492177","227371968165","5346315000000","5463260909578","175750000","코스피 200","303.88","4.30","1.44"
"2022/10/31","29965","440","1.49","30031.30","29845","30035","29675","6592231","197267950615","5266348750000","5278000126160","175750000","코스피 200","299.58","4.52","1.53"
"2022/10/28","29525","385","-1.29","29579.23","29690","29875","29515","8458719","250804530580","5189018750000","5198550212604","175750000","코스피 200","295.06","3.76","-1.26"
"2022/10/27","30015","515","1.75","29956.22","29670","30055","29640","7998093","239384188490","5272134750000","5264806230293","175650000","코스피 200","298.82","4.97","1.69"
"2022/10/26","29500","200","0.68","29563.08","29290","29655","29245","3811327","112361999480","5084325000000","5192755529799","172350000","코스피 200","293.85","2.27","0.78"
"2022/10/25","29300","45","0.15","29336.65","29295","29510","29210","6172207","181160877090","5061575000000","5056170924286","172750000","코스피 200","291.58","0.11","0.04"
"2022/10/24","29255","270","0.93","29325.16","29440","29555","29165","7609488","223291286150","5194225250000","5065921206536","177550000","코스피 200","291.47","2.90","1.00"
"2022/10/21","28985","60","0.21","29036.10","28840","29160","28820","6552147","189894105095","5082519750000","5155358922546","175350000","코스피 200","288.57","0.04","-0.01"
"2022/10/20","28925","285","-0.98","29040.23","29045","29095","28760","8545515","247244119469","5064767500000","5092203698780","175100000","코스피 200","288.61","2.68","-0.92"
"2022/10/19","29210","240","-0.81","29308.21","29470","29635","29205","8116868","238447736665","5069395500000","5131867586804","173550000","코스피 200","291.29","2.30","-0.78"
"2022/10/18","29450","375","1.29","29538.35","29500","29500","29100","6971894","204894203010","4937292500000","5126380453630","167650000","코스피 200","293.59","4.02","1.39"
"2022/10/17","29075","20","0.07","29136.72","28670","29120","28600","7384949","213995169345","4960195000000","4884771627151","170600000","코스피 200","289.57","0.21","0.07"
"2022/10/14","29055","690","2.43","29115.00","28780","29170","28780","10890572","316406871025","4888503750000","4967019189958","168250000","코스피 200","289.36","6.79","2.40"
"2022/10/13","28365","460","-1.60","28435.88","28720","28740","28365","11078773","315794823350","4867434000000","4784336036172","171600000","코스피 200","282.57","4.52","-1.57"
"2022/10/12","28825","245","0.86","28888.12","28525","28830","28505","9665913","277467392842","4871425000000","4957201334958","169000000","코스피 200","287.09","2.13","0.75"
"2022/10/11","28580","595","-2.04","28675.11","28600","28605","28330","10921720","311354948095","4870032000000","4846093672782","170400000","코스피 200","284.96","5.45","-1.88"
"2022/10/07","29175","110","-0.38","29221.21","28970","29320","28905","10320186","301110796358","4923281250000","4979293901143","168750000","코스피 200","290.41","0.85","-0.29"
"2022/10/06","29285","320","1.10","29306.18","29200","29435","29100","12374324","362570312969","4971128750000","4945417265354","169750000","코스피 200","291.26","2.21","0.76"
"2022/10/05","28965","5","0.02","29085.29","29465","29465","28850","10693954","310683400355","4828465500000","4937227498679","166700000","코스피 200","289.05","0.78","0.27"
"2022/10/04","28960","685","2.42","29006.59","28685","29030","28655","4502303","130267435720","4879760000000","4835398516293","168500000","코스피 200","288.27","6.91","2.46"
"2022/09/30","28275","125","-0.44","28314.55","28290","28590","28020","7626010","216081411670","4728993750000","4771000986759","167250000","코스피 200","281.36","1.29","-0.46"
"2022/09/29","28400","10","0.04","28443.77","28740","28930","28400","7949033","227701536470","4730020000000","4757220613305","166550000","코스피 200","282.65","0.54","-0.19"
"2022/09/28","28390","715","-2.46","28411.39","28770","28995","28160","12791896","364062736100","4738291000000","4731916726637","166900000","코스피 200","283.19","7.01","-2.42"
"2022/09/27","29105","55","0.19","29113.89","29075","29130","28770","8734976","253047345280","4888184750000","4859108358496","167950000","코스피 200","290.20","0.43","0.15"
"2022/09/26","29050","730","-2.45","29070.58","29400","29440","28990","10502045","306233626410","4860065000000","4882403550754","167300000","코스피 200","289.77","7.97","-2.68"
"2022/09/23","29780","370","-1.23","29869.47","30145","30200","29700","9183764","274488342184","4947947000000","4997162738351","166150000","코스피 200","297.74","3.91","-1.30"
"2022/09/22","30150","330","-1.08","30261.14","30115","30215","29950","13016865","392104502985","4928017500000","5027887835211","163450000","코스피 200","301.65","3.02","-0.99"
"2022/09/21","30480","285","-0.93","30561.76","30535","30640","30415","7105697","216839606135","4981956000000","4995320082913","163450000","코스피 200","304.67","2.87","-0.93"
"2022/09/20","30765","105","0.34","30849.38","30875","31025","30720","5210543","160679147635","5137755000000","5042331659676","167000000","코스피 200","307.54","1.05","0.34"
"2022/09/19","30660","220","-0.71","30744.15","30950","31010","30600","6177702","189975383740","5140149000000","5134273813526","167650000","코스피 200","306.49","2.20","-0.71"
"2022/09/16","30880","220","-0.71","30964.05","30805","30945","30715","8142741","251310881470","5227984000000","5191123113913","169300000","코스피 200","308.69","1.94","-0.62"
"2022/09/15","31100","175","-0.56","31159.35","31345","31390","31065","7403788","230964886890","5095735000000","5275278021516","163850000","코스피 200","310.63","2.11","-0.67"
"2022/09/14","31275","630","-1.97","31368.97","30990","31415","30920","7826668","244552606765","5168193750000","5139806311126","165250000","코스피 200","312.74","5.82","-1.83"
"2022/09/13","31905","975","3.15","31951.44","31495","31985","31435","5592132","177926884500","5269110750000","5279975746812","165150000","코스피 200","318.56","9.44","3.05"
"2022/09/08","30930","60","0.19","31006.67","31085","31090","30850","6406307","198403981855","5067880500000","5120751143847","163850000","코스피 200","309.12","0.96","0.31"
"2022/09/07","30870","455","-1.45","30910.17","31110","31110","30685","9564382","295077803570","5082745500000","5064630988361","164650000","코스피 200","308.16","4.85","-1.55"
"2022/09/06","31325","0","0.00","31395.25","31400","31560","31225","7524220","235969371225","5267298750000","5169228208507","168150000","코스피 200","313.01","0.54","0.17"
"2022/09/05","31325","0","0.00","31341.06","31320","31605","31205","7281688","228462595855","5387900000000","5269999389576","172000000","코스피 200","312.47","0.45","-0.14"
"2022/09/02","31325","175","-0.56","31386.23","31635","31665","31200","10253320","322344943600","5386333750000","5398431992797","171950000","코스피 200","312.92","2.10","-0.67"
"2022/09/01","31500","730","-2.26","31596.22","31820","31845","31480","13628110","431020583980","5455800000000","5432969807707","173200000","코스피 200","315.02","7.94","-2.46"
"2022/08/31","32230","245","0.77","32390.91","31690","32355","31640","7892835","254206122600","5709544500000","5610105933338","177150000","코스피 200","322.96","3.47","1.09"
"2022/08/30","31985","345","1.09","32043.26","31790","32000","31740","4446039","141970897470","5667742000000","5676463754818","177200000","코스피 200","319.49","3.14","0.99"
"2022/08/29","31640","780","-2.41","31729.20","31645","31765","31575","6758410","214074251645","5234838000000","5622414720110","165450000","코스피 200","316.35","7.56","-2.33"
"2022/08/26","32420","20","0.06","32484.71","32555","32685","32390","4996787","162415206595","5470875000000","5374595028371","168750000","코스피 200","323.91","0.28","0.09"
"2022/08/25","32400","375","1.17","32458.23","32150","32400","32115","5407046","174920912540","5333040000000","5477326681599","164600000","코스피 200","323.63","3.77","1.18"
"2022/08/24","32025","130","0.41","32081.33","32000","32110","31875","5808668","186047071775","5287327500000","5280587506109","165100000","코스피 200","319.86","1.17","0.37"
"2022/08/23","31895","405","-1.25","31964.15","32075","32200","31860","6152631","196732276130","5181342750000","5277281354145","162450000","코스피 200","318.69","4.08","-1.26"
"2022/08/22","32300","425","-1.30","32372.58","32375","32475","32230","5786119","187164432995","5340805000000","5258926055754","165350000","코스피 200","322.77","4.02","-1.23"
"2022/08/19","32725","190","-0.58","32774.79","32950","32950","32685","4518760","148055731040","5379990000000","5419311791217","164400000","코스피 200","326.79","2.01","-0.61"
"2022/08/18","32915","125","-0.38","32975.87","32865","32985","32655","7571930","248911020560","5412871750000","5421233064928","164450000","코스피 200","328.80","1.11","-0.34"
"2022/08/17","33040","170","-0.51","33085.78","33270","33365","33000","7081131","234501602395","5306224000000","5440955992862","160600000","코스피 200","329.91","1.87","-0.56"
"2022/08/16","33210","85","0.26","33273.06","33350","33385","33170","6804788","226352350745","5386662000000","5343653507534","162200000","코스피 200","331.78","1.11","0.34"
"2022/08/12","33125","125","0.38","33163.92","32965","33175","32965","6411616","212365186510","5273500000000","5379187762383","159200000","코스피 200","330.67","0.75","0.23"
"2022/08/11","33000","540","1.66","33089.90","32830","33000","32825","6979981","230284825005","5365800000000","5267912766899","162600000","코스피 200","329.92","5.57","1.72"
"2022/08/10","32460","385","-1.17","32532.92","32670","32705","32430","6396791","207991870950","5256897000000","5289852767063","161950000","코스피 200","324.35","3.76","-1.15"
"2022/08/09","32845","105","0.32","32909.56","32750","32895","32585","6100712","200237269240","5279833750000","5329703077843","160750000","코스피 200","328.11","0.88","0.27"
"2022/08/08","32740","60","-0.18","32821.43","32575","32770","32550","5426099","177567347690","5182742000000","5276045209359","158300000","코스피 200","327.23","0.27","-0.08"
"2022/08/05","32800","215","0.66","32847.90","32685","32900","32685","6228446","204415443605","5205360000000","5199822205628","158700000","코스피 200","327.50","2.03","0.62"
"2022/08/04","32585","165","0.51","32644.77","32635","32690","32465","7454291","243013831570","5220117000000","5180724241751","160200000","코스피 200","325.47","1.67","0.52"
"2022/08/03","32420","225","0.70","32477.48","32210","32420","32085","5553911","179728207435","5248798000000","5202891631736","161900000","코스피 200","323.80","2.16","0.67"
"2022/08/02","32195","175","-0.54","32261.75","32335","32335","32095","6319529","203617621540","5131883000000","5223177609361","159400000","코스피 200","321.64","1.33","-0.41"
"2022/08/01","32370","15","-0.05","32395.01","32305","32515","32155","6077218","196742619555","5172726000000","5163764486055","159800000","코스피 200","322.97","0.34","-0.11"
"2022/07/29","32385","140","0.43","32429.29","32500","32670","32275","8390909","271999730855","5175123000000","5182199894508","159800000","코스피 200","323.31","1.69","0.53"
"2022/07/28","32245","210","0.66","32260.00","32345","32470","32145","7307853","235725450380","5152751000000","5155147241851","159800000","코스피 200","321.62","1.88","0.59"
"2022/07/27","32105","10","0.03","32070.83","32085","32110","31870","2100721","67154183230","5176931250000","5124919188053","161250000","코스피 200","319.74","0.13","0.04"
"2022/07/26","32095","115","0.36","32128.25","31870","32115","31810","2281501","72973254050","5196180500000","5180680726817","161900000","코스피 200","319.61","1.27","0.40"
"2022/07/25","31980","125","0.39","32000.49","31750","32135","31725","4950143","158362947830","5121597000000","5180878796073","160150000","코스피 200","318.34","1.01","0.32"
"2022/07/22","31855","200","-0.62","31897.89","31985","32190","31815","6243090","199239340345","5155731750000","5108447700502","161850000","코스피 200","317.33","2.35","-0.74"
"2022/07/21","32055","345","1.09","32132.85","31755","32075","31720","5550883","177615813270","5224965000000","5200701843510","163000000","코스피 200","319.68","3.66","1.16"
"2022/07/20","31710","235","0.75","31765.97","31985","32065","31650","6810248","216667611140","5152875000000","5177852683927","162500000","코스피 200","316.02","2.12","0.68"
"2022/07/19","31475","105","-0.33","31554.67","31455","31500","31290","4685922","147461587685","5220128750000","5127633227596","165850000","코스피 200","313.90","0.97","-0.31"
"2022/07/18","31580","685","2.22","31654.81","31205","31615","31160","7193533","226808053125","5292808000000","5249950039398","167600000","코스피 200","314.87","6.96","2.26"
"2022/07/15","30895","185","0.60","30957.54","30900","30935","30335","7255044","223196854890","5178002000000","5188482867418","167600000","코스피 200","307.91","2.56","0.84"
"2022/07/14","30710","110","-0.36","30702.06","30590","30935","30500","5896627","181097880980","5251410000000","5145664519143","171000000","코스피 200","305.35","1.24","-0.40"
"2022/07/13","30820","160","0.52","30825.97","30735","31030","30660","6840518","211004290565","5219367000000","5271240919920","169350000","코스피 200","306.59","1.56","0.51"
"2022/07/12","30660","295","-0.95","30670.15","30830","30900","30495","5551637","170152631500","5146281000000","5193990466115","167850000","코스피 200","305.03","3.26","-1.06"
"2022/07/11","30955","175","-0.56","30997.01","31200","31325","30925","6570561","204142249610","5200440000000","5202848474578","168000000","코스피 200","308.29","1.86","-0.60"
"2022/07/08","31130","170","0.55","31183.95","31185","31435","31130","8836853","275828504285","5170693000000","5238904361255","166100000","코스피 200","310.15","1.84","0.60"
"2022/07/07","30960","610","2.01","30999.54","30590","31145","30525","6746537","208492078800","5103756000000","5149023076236","164850000","코스피 200","308.31","6.03","1.99"
"2022/07/06","30350","705","-2.27","30396.43","30810","30925","30325","9116536","278462487685","5003197500000","5010851102574","164850000","코스피 200","302.28","6.75","-2.18"
"2022/07/05","31055","485","1.59","31072.94","30855","31165","30715","7245145","224556108290","5091467250000","5122374867969","163950000","코스피 200","309.03","5.02","1.65"
"2022/07/04","30570","10","0.03","30570.51","30570","30750","30265","8932236","272603325825","5051692500000","5012035015735","165250000","코스피 200","304.01","0.01","-0.00"
"2022/07/01","30560","315","-1.02","30571.90","31050","31175","30335","6240988","191329575815","5189088000000","5052005826967","169800000","코스피 200","304.02","3.18","-1.04"
"2022/06/30","30875","520","-1.66","30890.10","31280","31280","30870","7940411","246343261665","5227137500000","5245139711928","169300000","코스피 200","307.20","5.66","-1.81"
"2022/06/29","31395","535","-1.68","31457.14","31555","31655","31365","6177527","194351187950","5296336500000","5325694366958","168700000","코스피 200","312.86","6.25","-1.96"
"2022/06/28","31930","245","0.77","31972.52","31725","31930","31560","6746503","214687567935","5298783500000","5393763493389","165950000","코스피 200","319.11","2.91","0.92"
"2022/06/27","31685","400","1.28","31681.63","31520","31930","31235","8572714","271613361335","5137722750000","5257566566409","162150000","코스피 200","316.20","4.13","1.32"
"2022/06/24","31285","645","2.11","31268.47","30800","31410","30700","10451953","325856519060","4939901500000","5070182773283","157900000","코스피 200","312.07","6.62","2.17"
"2022/06/23","30640","250","-0.81","30606.73","30870","31160","30510","13143298","404487213435","4724688000000","4832802829792","154200000","코스피 200","305.45","2.63","-0.85"
"2022/06/22","30890","800","-2.52","30869.98","31805","31805","30890","10200813","317405821510","4662845500000","4760150724600","150950000","코스피 200","308.08","8.30","-2.62"
"2022/06/21","31690","180","0.57","31700.26","31680","31935","30725","7526326","238458111340","4667937000000","4785154037067","147300000","코스피 200","316.38","1.94","0.62"
"2022/06/20","31510","515","-1.61","31507.45","32240","32430","31265","9595269","302481414985","4622517000000","4641047486537","146700000","코스피 200","314.44","5.65","-1.77"
"2022/06/17","32025","240","-0.74","32072.47","31680","32105","31570","7291657","232812820095","4584378750000","4705031973865","143150000","코스피 200","320.09","2.16","-0.67"
"2022/06/16","32265","20","-0.06","32288.64","32695","32930","32220","9186440","298730620165","4563884250000","4622119414542","141450000","코스피 200","322.25","0.04","0.01"
"2022/06/15","32285","585","-1.78","32285.36","32805","32865","32080","10540450","340800068635","4563484750000","4566764121033","141350000","코스피 200","322.21","6.02","-1.83"
"2022/06/14","32870","130","-0.39","32886.56","32410","32955","32410","12194953","399596272215","4562356000000","4648515247275","138800000","코스피 200","328.23","1.65","-0.50"
"2022/06/13","33000","1210","-3.54","33050.57","33510","33610","33000","9434444","313023265635","4618350000000","4587419431885","139950000","코스피 200","329.88","12.01","-3.51"
"2022/06/10","34210","355","-1.03","34253.01","34295","34340","34070","4388043","150086003900","4787689500000","4793709363943","139950000","코스피 200","341.89","4.73","-1.36"
"2022/06/09","34565","105","-0.30","34726.55","34550","34695","34410","4675166","161703933305","4837371750000","4859980812572","139950000","코스피 200","346.62","0.40","0.12"
"2022/06/08","34670","75","0.22","34688.02","34620","34845","34590","3703196","128494878410","5094756500000","4854589095787","146950000","코스피 200","346.22","0.55","0.16"
"2022/06/07","34595","655","-1.86","34633.39","35080","35100","34525","3766658","130818528665","5220385500000","5089376388277","150900000","코스피 200","345.67","6.34","-1.80"
"2022/06/03","35250","195","0.56","35266.74","35355","35430","35165","6270309","221157119915","5430262500000","5321750629970","154050000","코스피 200","352.01","1.50","0.43"
"2022/06/02","35055","385","-1.09","35116.75","35240","35275","34980","5957733","209001199670","5260002750000","5409735964958","150050000","코스피 200","350.51","4.03","-1.14"
"2022/05/31","35440","140","0.40","35519.05","35240","35505","35075","5485464","194278166575","5191960000000","5329633474719","146500000","코스피 200","354.54","2.05","0.58"
"2022/05/30","35300","455","1.31","35315.86","35225","35340","35070","5384386","189973404340","5136150000000","5173773321908","145500000","코스피 200","352.49","4.45","1.28"
"2022/05/27","34845","365","1.06","34871.26","34835","34985","34790","5885635","205271035750","5110019250000","5073768127139","146650000","코스피 200","348.04","3.78","1.10"
"2022/05/26","34480","115","-0.33","34493.19","34595","34945","34355","6777076","234197488505","5080628000000","5058427027452","147350000","코스피 200","344.26","1.34","-0.39"
"2022/05/25","34595","145","0.42","34627.71","34660","34825","34430","6735545","233370095985","4910760250000","5102392868588","141950000","코스피 200","345.60","1.52","0.44"
"2022/05/24","34450","650","-1.85","34475.35","34950","35030","34450","5416640","187387240065","4802330000000","4893775800336","139400000","코스피 200","344.08","6.26","-1.79"
"2022/05/23","35100","115","0.33","35100.09","35135","35225","34915","5876025","206112707170","5031585000000","4892952813360","143350000","코스피 200","350.34","1.05","0.30"
"2022/05/20","34985","615","1.79","34995.43","34515","35025","34485","4661990","162813735335","4992359500000","5016595210744","142700000","코스피 200","349.29","6.05","1.76"
"2022/05/19","34370","500","-1.43","34391.69","34125","34450","34060","6054919","207904492160","4835859000000","4907694704513","140700000","코스피 200","343.24","5.10","-1.46"
"2022/05/18","34870","65","0.19","34900.93","34990","35145","34770","6376438","222530706835","4880056500000","4910560840796","139950000","코스피 200","348.34","0.81","0.23"
"2022/05/17","34805","335","0.97","34819.59","34525","34850","34520","3999458","139083458010","4815271750000","4873001621671","138350000","코스피 200","347.53","3.59","1.04"
"2022/05/16","34470","135","-0.39","34461.49","34850","34925","34395","7376786","254821293045","4789606500000","4767746716701","138950000","코스피 200","343.94","1.56","-0.45"
"2022/05/13","34605","800","2.37","34616.84","34010","34645","33990","5262557","181299729585","4723582500000","4810009764594","136500000","코스피 200","345.50","7.56","2.24"
"2022/05/12","33805","565","-1.64","33861.77","34020","34295","33785","7111368","241345187290","4573816500000","4622131930149","135300000","코스피 200","337.94","5.50","-1.60"
"2022/05/11","34370","5","-0.01","34409.83","34195","34420","34105","6549110","224892355070","4645105500000","4655649954317","135150000","코스피 200","343.44","0.23","-0.07"
"2022/05/10","34375","180","-0.52","34434.42","34295","34445","33855","7914490","270747316955","4656093750000","4653811726365","135450000","코스피 200","343.67","1.74","-0.50"
"2022/05/09","34555","330","-0.95","34607.82","34745","34910","34505","7164200","248055369010","4659741750000","4687629690021","134850000","코스피 200","345.41","3.59","-1.03"
"2022/05/06","34885","490","-1.39","34966.22","35010","35010","34785","6080928","212235576685","4843782250000","4715195147547","138850000","코스피 200","349.00","4.85","-1.37"
"2022/05/04","35375","85","0.24","35451.24","35450","35570","35245","5560940","196879498835","4844606250000","4922404999557","136950000","코스피 200","353.85","0.53","0.15"
"2022/05/03","35290","85","-0.24","35398.24","35380","35645","35290","5987778","212098594375","4723566500000","4847789156851","133850000","코스피 200","353.32","0.70","-0.20"
"2022/05/02","35375","135","-0.38","35468.98","35100","35435","35100","5834579","206382461730","4772087500000","4747522475269","134900000","코스피 200","354.02","1.06","-0.30"
"2022/04/29","35510","525","1.50","35574.58","35010","35540","34895","6267371","222071649675","4790299000000","4799010454871","134900000","코스피 200","355.08","4.92","1.41"
"2022/04/28","34985","345","1.00","35083.88","34850","34995","34575","6629596","231168680580","4719476500000","4732814782877","134900000","코스피 200","350.16","3.95","1.14"
"2022/04/27","35140","420","-1.18","34688.55","35080","35180","34850","4420137","154847003965","4895002000000","4679484847430","139300000","코스피 200","346.21","4.46","-1.27"
"2022/04/26","35560","150","0.42","35634.67","35555","35715","35500","2878893","102439778775","4983734000000","4963909124586","140150000","코스피 200","350.67","1.69","0.48"
"2022/04/25","35410","575","-1.60","35465.65","35595","35695","35395","6727922","238670879860","4845858500000","4970510152312","136850000","코스피 200","348.98","6.45","-1.81"
"2022/04/22","35985","400","-1.10","36110.43","36060","36095","35840","5189540","186773957545","4884963750000","4941712251987","135750000","코스피 200","355.43","3.59","-1.00"
"2022/04/21","36385","160","0.44","36468.56","36340","36585","36315","5716294","208318165585","4986564250000","4950607150171","137050000","코스피 200","359.02","1.50","0.42"
"2022/04/20","36225","30","-0.08","36318.75","36265","36310","35955","2807810","101378617750","5124026250000","4977484519289","141450000","코스피 200","357.52","0.16","0.04"
"2022/04/19","36255","420","1.17","36302.77","35980","36340","35970","3026251","109683676835","5318608500000","5135026979830","146700000","코스피 200","357.36","3.73","1.05"
"2022/04/18","35835","30","0.08","35929.14","35690","35950","35570","5517718","197850874110","5068860750000","5270804581788","141450000","코스피 200","353.63","0.21","-0.06"
"2022/04/15","35805","430","-1.19","35950.95","36000","36000","35730","6497906","232962709635","5077149000000","5085261995227","141800000","코스피 200","353.84","3.54","-0.99"
"2022/04/14","36235","205","-0.56","36304.45","36430","36430","36115","7430712","269499424115","5344662500000","5147971524702","147500000","코스피 200","357.38","1.62","-0.45"
"2022/04/13","36440","680","1.90","36464.18","35860","36470","35815","6828087","247874869655","5107066000000","5378466707104","140150000","코스피 200","359.00","6.68","1.90"
"2022/04/12","35760","340","-0.94","35799.63","35850","35990","35620","9639935","344745548485","4983156000000","5017318298087","139350000","코스피 200","352.32","3.46","-0.97"
"2022/04/11","36100","0","0.00","36144.00","35960","36240","35830","8974553","323527979430","5207425000000","5036666705491","144250000","코스피 200","355.78","0.23","-0.06"
"2022/04/08","36100","25","0.07","36165.45","36150","36195","35905","6370443","229818286855","5297675000000","5216866510631","146750000","코스피 200","356.01","0.28","0.08"
"2022/04/07","36075","480","-1.31","36139.57","36385","36385","35995","10234728","369723805935","5216445000000","5303482182106","144600000","코스피 200","355.73","5.28","-1.46"
"2022/04/06","36555","380","-1.03","36665.74","36700","36760","36530","5233744","191621772105","5316924750000","5301866285891","145450000","코스피 200","361.01","3.73","-1.02"
"2022/04/05","36935","35","-0.09","37039.12","37115","37160","36840","4490357","166007380805","5340801000000","5387339698342","144600000","코스피 200","364.74","0.20","-0.05"
"2022/04/04","36970","175","0.48","37059.47","36725","37005","36555","4646082","171426709690","5384680500000","5358800062058","145650000","코스피 200","364.94","1.75","0.48"
"2022/04/01","36795","285","-0.77","36883.98","36925","36930","36615","4077720","150060383640","5191774500000","5372151988457","141100000","코스피 200","363.19","2.42","-0.66"
"2022/03/31","37080","115","0.31","37126.11","36940","37230","36885","4502992","167044390500","4981698000000","5238494233704","134350000","코스피 200","365.61","1.11","0.30"
"2022/03/30","36965","130","0.35","37016.19","37080","37200","36890","4375540","161889560135","4851656250000","4973125752403","131250000","코스피 200","364.50","0.73","0.20"
"2022/03/29","36835","190","0.52","36862.35","36835","36995","36700","4225755","155559419275","4908263750000","4838183646719","133250000","코스피 200","363.77","1.71","0.47"
"2022/03/28","36645","25","0.07","36689.62","36500","36745","36300","4105327","150184043235","4959900750000","4888891798368","135350000","코스피 200","362.06","0.00","0.00"
"2022/03/25","36620","150","-0.41","36688.25","36930","36935","36545","4337330","159015146945","4817361000000","4965755255970","131550000","코스피 200","362.06","1.32","-0.36"
"2022/03/24","36770","170","-0.46","36823.44","36685","36780","36485","5749483","210975172495","4826062500000","4844123214415","131250000","코스피 200","363.38","1.46","-0.40"
"2022/03/23","36940","320","0.87","36969.88","36825","37090","36740","6119415","225957959290","4913020000000","4852297247439","133000000","코스피 200","364.84","3.18","0.88"
"2022/03/22","36620","330","0.91","36652.93","36290","36650","36265","4524529","165512268960","4841164000000","4874839618454","132200000","코스피 200","361.66","2.89","0.81"
"2022/03/21","36290","375","-1.02","36363.64","36850","36850","36250","5565648","202746578265","4888263000000","4807273747244","134700000","코스피 200","358.77","3.56","-0.98"
"2022/03/18","36665","80","0.22","36719.52","36485","36685","36405","4372507","159956105195","4982773500000","4946119051906","135900000","코스피 200","362.33","0.87","0.24"
"2022/03/17","36585","545","1.51","36634.26","36645","36860","36575","8279341","303768577070","5059705500000","4978595717259","138300000","코스피 200","361.46","5.37","1.51"
"2022/03/16","36040","530","1.49","36098.21","35880","36095","35615","5859523","210538502405","5034788000000","4992382908159","139700000","코스피 200","356.09","5.06","1.44"
"2022/03/15","35510","310","-0.87","35592.35","35705","35765","35395","13216342","470539352385","5115215500000","4972251049280","144050000","코스피 200","351.03","3.58","-1.01"
"2022/03/14","35820","65","-0.18","35945.10","35845","36040","35680","8660429","310708569255","5070321000000","5177891677183","141550000","코스피 200","354.61","0.70","-0.20"
"2022/03/11","35885","135","-0.37","36009.67","35915","36030","35695","9987144","358123365995","5104641250000","5097169395862","142250000","코스피 200","355.31","2.70","-0.75"
"2022/03/10","36020","730","2.07","36274.56","36000","36170","35905","3412228","123130831665","5383189000000","5160056234152","149450000","코스피 200","358.01","8.63","2.47"
"2022/03/08","35290","465","-1.30","35411.45","35305","35680","35165","6369838","225506595690","5134695000000","5292241947329","145500000","코스피 200","349.38","3.65","-1.03"
"2022/03/07","35755","820","-2.24","35781.18","36000","36025","35530","14965083","535016639135","5146932250000","5206161108525","143950000","코스피 200","353.03","8.66","-2.39"
"2022/03/04","36575","575","-1.55","36649.76","37010","37040","36415","7789332","284965200980","5319833750000","5275732689159","145450000","코스피 200","361.69","5.37","-1.46"
"2022/03/03","37150","695","1.91","37189.83","36795","37175","36750","4082459","151275595325","5377462500000","5409260898822","144750000","코스피 200","367.06","6.47","1.79"
"2022/03/02","36455","150","-0.41","36541.02","36625","36720","36415","5075944","185484114075","5331543750000","5289312285613","146250000","코스피 200","360.59","0.95","-0.26"
"2022/02/28","36605","275","0.76","36634.90","36095","36605","36010","6546067","238480106015","5382765250000","5357854134136","147050000","코스피 200","361.54","3.10","0.86"
"2022/02/25","36330","405","1.13","36325.92","36260","36530","36150","8181295","297178399785","5358675000000","5341726062353","147500000","코스피 200","358.44","3.40","0.96"
"2022/02/24","35925","965","-2.62","35986.76","36440","36500","35815","10463997","377121354355","5361806250000","5308047771181","149250000","코스피 200","355.04","9.40","-2.58"
"2022/02/23","36890","130","0.35","36924.00","37020","37100","36695","4660928","171918447420","5557478500000","5510907514708","150650000","코스피 200","364.44","0.93","0.26"
"2022/02/22","36760","540","-1.45","36831.40","36710","36910","36510","5092278","187000794685","5552598000000","5548650618477","151050000","코스피 200","363.51","4.78","-1.30"
"2022/02/21","37300","25","0.07","37308.52","36830","37300","36530","3998311","148192800300","5550240000000","5635452394897","148800000","코스피 200","368.29","0.26","-0.07"
"2022/02/18","37275","140","-0.37","37333.70","37020","37375","36905","5459390","203240157080","5527882500000","5555254934419","148300000","코스피 200","368.55","1.00","-0.27"
"2022/02/17","37415","240","0.65","37436.93","37290","37740","37010","8161860","305678101435","5571093500000","5551896357505","148900000","코스피 200","369.55","2.25","0.61"
"2022/02/16","37175","660","1.81","37211.73","36915","37205","36900","4230431","156994669665","5604131250000","5540826075088","150750000","코스피 200","367.30","6.87","1.91"
"2022/02/15","36515","225","-0.61","36526.97","36850","36885","36340","5334150","195103963550","5533848250000","5506441427992","151550000","코스피 200","360.43","2.55","-0.70"
"2022/02/14","36740","500","-1.34","36780.21","36870","37030","36475","5481409","201241465450","5621220000000","5574041405140","153000000","코스피 200","362.98","5.63","-1.53"
"2022/02/11","37240","350","-0.93","37342.03","37250","37505","37065","4820161","179745081275","5543174000000","5713329922643","148850000","코스피 200","368.61","2.96","-0.80"
"2022/02/10","37590","310","0.83","37634.50","37505","37670","37340","4664133","175213120085","5649777000000","5601895639589","150300000","코스피 200","371.57","2.92","0.79"
"2022/02/09","37280","510","1.39","37340.51","37100","37290","37005","4851709","180695946575","5713160000000","5612278007864","153250000","코스피 200","368.65","5.17","1.42"
"2022/02/08","36770","70","0.19","36817.31","36990","37160","36505","4930794","181703922525","5662580000000","5642253283823","154000000","코스피 200","363.48","0.56","0.15"
"2022/02/07","36700","380","-1.02","36758.76","37005","37080","36355","7116290","260720998675","5523350000000","5660848315064","150500000","코스피 200","362.92","3.42","-0.93"
"2022/02/04","37080","480","1.31","37102.50","36700","37090","36605","5619747","207754401635","5550876000000","5583925752488","149700000","코스피 200","366.34","4.74","1.31"
"2022/02/03","36600","350","0.97","36628.47","36875","37200","36600","6866201","252218774635","5565030000000","5483281716552","152050000","코스피 200","361.60","3.62","1.01"
"2022/01/28","36250","945","2.68","36264.29","35495","36485","35200","11148433","401654476435","5511812500000","5513984613285","152050000","코스피 200","357.98","9.40","2.70"
"2022/01/27","35305","1205","-3.30","35341.69","36600","36650","35305","10446225","371566590575","5368125250000","5373703284696","152050000","코스피 200","348.58","12.25","-3.39"
"2022/01/26","36570","115","-0.31","36542.28","36810","37010","36535","5888382","216258731705","5361162000000","5556253594729","146600000","코스피 200","360.83","1.56","-0.43"
"2022/01/25","36685","915","-2.43","36755.00","37505","37535","36490","11372537","418620600130","5412871750000","5388282568822","147550000","코스피 200","362.39","8.91","-2.40"
"2022/01/24","37600","430","-1.13","37644.17","37920","38040","37450","10270662","386221525110","5468920000000","5554397581851","145450000","코스피 200","371.30","4.78","-1.27"
"2022/01/21","38030","435","-1.13","38121.94","38100","38180","37780","9151779","347272958415","5508645500000","5544836052336","144850000","코스피 200","376.08","4.31","-1.13"
"2022/01/20","38465","225","0.59","38552.69","38245","38465","38100","4624230","177578062000","5498571750000","5584356622095","142950000","코스피 200","380.39","2.18","0.58"
"2022/01/19","38240","280","-0.73","38335.30","38255","38630","38120","5790865","221871960935","5458760000000","5480031123657","142750000","코스피 200","378.21","2.80","-0.73"
"2022/01/18","38520","300","-0.77","38615.68","38940","38995","38410","5738430","221736546985","5631624000000","5512388434354","146200000","코스피 200","381.01","2.80","-0.73"
"2022/01/17","38820","285","-0.73","38895.02","39105","39145","38600","5841437","226879051710","5613372000000","5686451591052","144600000","코스피 200","383.81","3.64","-0.94"
"2022/01/14","39105","615","-1.55","39259.35","39405","39480","39035","4234215","165863501140","5654583000000","5676901539295","144600000","코스피 200","387.45","5.55","-1.41"
"2022/01/13","39720","205","-0.51","39813.43","39975","40030","39680","4178583","166294454300","5717694000000","5757021479166","143950000","코스피 200","393.00","1.66","-0.42"
"2022/01/12","39925","645","1.64","39978.47","39545","39935","39530","4323445","172356304370","5651383750000","5754900763208","141550000","코스피 200","394.66","5.69","1.46"
"2022/01/11","39280","115","0.29","39409.88","39225","39445","39050","4298895","168909562945","5607220000000","5578468584216","142750000","코스피 200","388.97","1.45","0.37"
"2022/01/10","39165","300","-0.76","39265.80","39420","39445","38880","4980669","194958241215","5626052250000","5605192353173","143650000","코스피 200","387.52","3.33","-0.85"
"2022/01/07","39465","490","1.26","39597.23","39225","39550","39145","3681317","145216331765","5771756250000","5688142311146","146250000","코스피 200","390.85","4.63","1.20"
"2022/01/06","38975","395","-1.00","39135.43","39100","39460","38935","10391295","406902181870","5680606250000","5723557175982","145750000","코스피 200","386.22","4.17","-1.07"
"2022/01/05","39370","570","-1.43","39552.58","39850","39905","39160","8813841","347177709625","5783453000000","5764788326007","146900000","코스피 200","390.39","5.01","-1.27"
"2022/01/04","39940","25","-0.06","40054.08","40070","40070","39720","4708649","187890944690","5867186000000","5883944200311","146900000","코스피 200","395.40","0.11","-0.03"
"2022/01/03","39965","95","0.24","40064.39","40050","40345","39825","4923712","197051427375","6126634500000","5885458744445","153300000","코스피 200","395.51","1.32","0.33"
"2021/12/30","39870","245","-0.61","39932.48","40145","40255","39790","3863164","154285865225","6112071000000","6121648794714","153300000","코스피 200","394.19","2.53","-0.64"
"2021/12/29","40115","90","-0.22","40187.12","40205","40375","40065","4309822","173227890590","6137595000000","6160685034568","153000000","코스피 200","396.72","4.49","-1.12"
"2021/12/28","40205","325","0.81","40161.01","40040","40205","39745","5060924","202262657755","5894053000000","6144634127023","146600000","코스피 200","401.21","2.60","0.65"
"2021/12/27","39880","235","-0.59","39901.01","40130","40145","39880","3732560","149087878885","5740726000000","5849487407100","143950000","코스피 200","398.61","1.92","-0.48"
"2021/12/24","40115","295","0.74","40093.16","39975","40280","39965","4644586","186361707100","5736445000000","5771410805680","143000000","코스피 200","400.53","2.38","0.60"
"2021/12/23","39820","195","0.49","39856.57","39840","39860","39610","4722100","187928739335","5586746000000","5699489388764","140300000","코스피 200","398.15","2.08","0.53"
"2021/12/22","39625","210","0.53","39648.24","39640","39815","39495","4839291","191745674590","5597031250000","5562647425886","141250000","코스피 200","396.07","2.12","0.54"
"2021/12/21","39415","300","0.77","39436.15","39320","39560","39160","5241992","206581433395","5632403500000","5570356407939","142900000","코스피 200","393.95","2.58","0.66"
"2021/12/20","39115","735","-1.84","39177.80","39650","39650","39045","4632691","181722131955","5489790250000","5598508252778","140350000","코스피 200","391.37","7.59","-1.90"
"2021/12/17","39850","100","0.25","39937.31","39510","39880","39390","3682394","146522838470","5622835000000","5605201703751","141100000","코스피 200","398.96","1.28","0.32"
"2021/12/16","39750","230","0.58","39808.92","39840","39935","39500","5060072","201041448140","5302650000000","5617039260944","133400000","코스피 200","397.68","2.02","0.51"
"2021/12/15","39520","10","0.03","39606.47","39335","39535","39250","3644663","143889580430","5266040000000","5283502683483","133250000","코스피 200","395.66","0.25","0.06"
"2021/12/14","39510","225","-0.57","39582.06","39500","39710","39340","5005482","197812846040","5327923500000","5274309988990","134850000","코스피 200","395.41","1.86","-0.47"
"2021/12/13","39735","30","0.08","39767.08","39900","40365","39695","4707617","187847312515","4962901500000","5362590350548","124900000","코스피 200","397.27","0.70","-0.18"
"2021/12/10","39705","220","-0.55","39836.87","39785","39895","39620","2822148","112186202695","4959154500000","4975624639230","124900000","코스피 200","397.97","3.16","-0.79"
"2021/12/09","39925","120","0.30","40149.29","39755","40070","39730","7336363","293692146605","4986632500000","5014646933036","124900000","코스피 200","401.13","3.86","0.97"
"2021/12/08","39805","175","0.44","39765.21","39975","40280","39680","7043627","281389892180","5037322750000","4966674443979","126550000","코스피 200","397.27","0.96","0.24"
"2021/12/07","39630","325","0.83","39670.34","39345","39665","39095","5021847","197958468895","5205400500000","5020281025211","131350000","코스피 200","396.31","3.46","0.88"
"2021/12/06","39305","75","0.19","39322.90","39100","39480","38755","9783182","384042026675","5099823750000","5165063136930","129750000","코스피 200","392.85","0.89","0.23"
"2021/12/03","39230","295","0.76","39232.86","38805","39340","38630","6274555","245252730390","5186206000000","5090463046936","132200000","코스피 200","391.96","2.32","0.60"
"2021/12/02","38935","605","1.58","39001.73","38080","38955","37990","5465496","211598552630","5271799000000","5156028698688","135400000","코스피 200","389.64","6.51","1.70"
"2021/12/01","38330","900","2.40","38351.02","37545","38405","37435","5262582","200476533775","5155385000000","5192728733494","134500000","코스피 200","383.13","9.89","2.65"
"2021/11/30","37430","775","-2.03","37361.91","38540","38620","37095","7565591","285370580350","4985676000000","5025176813072","133200000","코스피 200","373.24","8.39","-2.20"
"2021/11/29","38205","305","-0.79","38200.91","38115","38510","38005","5194357","198818030510","5144303250000","5088360618893","134650000","코스피 200","381.63","3.44","-0.89"
"2021/11/26","38510","720","-1.84","38532.15","39050","39235","38445","5059924","195493286605","5333635000000","5188353963943","138500000","코스피 200","385.07","6.86","-1.75"
"2021/11/25","39230","290","-0.73","39217.86","39545","39545","39160","3914923","153670954200","5519661000000","5431674129828","140700000","코스피 200","391.93","3.47","-0.88"
"2021/11/24","39520","80","-0.20","39565.15","39715","39910","39315","5758295","227770195860","5394480000000","5566817288663","136500000","코스피 200","395.40","1.04","-0.26"
"2021/11/23","39600","350","-0.88","39669.72","39885","39935","39545","5007395","198583706415","5371740000000","5414916802543","135650000","코스피 200","396.44","2.63","-0.66"
"2021/11/22","39950","905","2.32","39933.23","39255","39980","39240","5040107","200643488695","5543062500000","5416942405519","138750000","코스피 200","399.07","8.54","2.19"
"2021/11/19","39045","285","0.74","39078.77","38865","39105","38695","4258535","165915958555","5530724250000","5422179902587","141650000","코스피 200","390.53","3.09","0.80"
"2021/11/18","38760","160","-0.41","38770.80","38760","38990","38665","4510585","175079507855","5465160000000","5491883452211","141000000","코스피 200","387.44","2.00","-0.51"
"2021/11/17","38920","495","-1.26","38970.95","39490","39495","38870","4195620","163714594605","5273660000000","5494904330571","135500000","코스피 200","389.44","4.63","-1.17"
"2021/11/16","39415","70","-0.18","39433.30","39470","39650","39260","4428306","174619031620","5273727000000","5343211535890","133800000","코스피 200","394.07","0.29","-0.07"
"2021/11/15","39485","450","1.15","39462.83","39300","39560","39230","5272240","208092031305","5328500750000","5280127020581","134950000","코스피 200","394.36","3.98","1.02"
"2021/11/12","39035","410","1.06","39066.93","38885","39180","38730","3505198","136794530255","5246304000000","5272082767315","134400000","코스피 200","390.38","4.41","1.14"
"2021/11/11","38625","5","-0.01","38626.68","38370","38625","38270","4274634","164740770550","5216306250000","5191425320463","135050000","코스피 200","385.97","0.27","-0.07"
"2021/11/10","38630","415","-1.06","38653.75","38825","39055","38580","4753805","183984087520","5301967500000","5220188882770","137250000","코스피 200","386.24","4.12","-1.06"
"2021/11/09","39045","100","0.26","39065.86","38955","39345","38830","4565165","178174717630","5273027250000","5361789069505","135050000","코스피 200","390.36","0.77","0.20"
"2021/11/08","38945","50","-0.13","38988.74","39070","39090","38555","5076877","197276607575","5341306750000","5265428834560","137150000","코스피 200","389.59","0.27","-0.07"
"2021/11/05","38995","170","-0.43","39012.79","39455","39520","38770","5550859","216512779345","5426154250000","5350603488562","139150000","코스피 200","389.86","1.68","-0.43"
"2021/11/04","39165","220","0.56","39180.50","39315","39545","39095","5563851","218430882575","5291191500000","5451965979617","135100000","코스피 200","391.54","2.06","0.53"
"2021/11/03","38945","560","-1.42","38975.84","39660","39660","38845","4442344","173410115520","5259522250000","5265635659533","135050000","코스피 200","389.48","5.34","-1.35"
"2021/11/02","39505","520","1.33","39510.47","39195","39815","39195","3437518","135966941565","5348977000000","5335888339797","135400000","코스피 200","394.82","5.01","1.29"
"2021/11/01","38985","160","0.41","39010.23","39150","39175","38945","4179211","163130594290","5395524000000","5281985332313","138400000","코스피 200","389.81","1.34","0.34"
"2021/10/29","38825","635","-1.61","38875.81","39625","39635","38740","5479280","213832280225","5373380000000","5380412390422","138400000","코스피 200","388.47","5.42","-1.38"
"2021/10/28","39460","110","-0.28","39418.98","39540","39735","39445","3524611","139254021555","5461264000000","5455586199405","138400000","코스피 200","393.89","1.59","-0.40"
"2021/10/27","39655","335","-0.84","39577.68","39865","39930","39515","2868589","113769230415","5563596500000","5477550313512","140300000","코스피 200","395.48","3.59","-0.90"
"2021/10/26","39990","370","0.93","40021.10","39840","40060","39730","3599613","143790962345","5494626000000","5614960926148","137400000","코스피 200","399.07","4.06","1.03"
"2021/10/25","39620","205","0.52","39615.14","39315","39680","39100","3550983","140391006375","5322947000000","5443120538289","134350000","코스피 200","395.01","1.67","0.42"
"2021/10/22","39415","35","0.09","39449.07","39330","39575","39250","2771293","109252441310","5254019500000","5299983139385","133300000","코스피 200","393.34","0.16","0.04"
"2021/10/21","39380","70","-0.18","39432.93","39500","39635","39330","3907613","154166598100","5196191000000","5256409078630","131950000","코스피 200","393.18","0.56","-0.14"
"2021/10/20","39450","175","-0.44","39489.87","39780","39895","39450","3835724","151755711515","5292217500000","5210688112781","134150000","코스피 200","393.74","1.67","-0.42"
"2021/10/19","39625","330","0.84","39657.04","39575","39695","39430","3872812","153402078920","5254275000000","5319991961631","132600000","코스피 200","395.41","3.39","0.86"
"2021/10/18","39295","125","-0.32","39317.09","39465","39495","39025","3503005","137615535655","5041548500000","5213445538051","128300000","코스피 200","392.02","1.17","-0.30"
"2021/10/15","39420","400","1.03","39435.05","39290","39530","39265","3721040","146647006785","4826979000000","5059517545821","122450000","코스피 200","393.19","3.60","0.92"
"2021/10/14","39020","485","1.26","39074.76","38755","39040","38750","4368453","170305949685","4824823000000","4784704625346","123650000","코스피 200","389.59","5.49","1.43"
"2021/10/13","38535","385","1.01","38525.78","38120","38670","38065","4243628","163454352525","4801461000000","4763712218934","124600000","코스피 200","384.10","3.41","0.90"
"2021/10/12","38150","665","-1.71","38185.12","38695","38725","37990","5355639","204516106510","4526497500000","4757865933243","118650000","코스피 200","380.69","6.73","-1.74"
"2021/10/08","38815","85","-0.22","38856.97","39070","39090","38760","4381313","170395604335","4531651250000","4610379839461","116750000","코스피 200","387.42","0.72","-0.19"
"2021/10/07","38900","640","1.67","38930.29","38600","38995","38590","5015041","194795135210","4537685000000","4545111448863","116650000","코스피 200","388.14","6.21","1.63"
"2021/10/06","38260","600","-1.54","38310.01","39060","39260","38260","7893498","304786397005","4497463000000","4468862955607","117550000","코스피 200","381.93","6.08","-1.57"
"2021/10/05","38860","585","-1.48","38918.00","39085","39245","38540","8937945","347268166680","4678744000000","4574810988841","120400000","코스피 200","388.01","6.78","-1.72"
"2021/10/01","39445","750","-1.87","39595.92","39970","40065","39415","4788681","189589838600","4879346500000","4767348386224","123700000","코스피 200","394.79","6.51","-1.62"
"2021/09/30","40195","165","0.41","40252.30","39955","40295","39805","6593205","264435340755","5046482250000","4979209794576","125550000","코스피 200","401.30","1.21","0.30"
"2021/09/29","40030","535","-1.32","40130.58","40075","40240","39665","10565670","421824467370","4917685500000","5038394536532","122850000","코스피 200","400.09","6.11","-1.50"
"2021/09/28","40565","535","-1.30","40667.52","41070","41070","40560","5408563","220134013660","5092935750000","4996005230338","125550000","코스피 200","406.20","4.77","-1.16"
"2021/09/27","41100","135","0.33","41144.70","40970","41295","40880","4760621","195723973670","5010090000000","5165716639709","121900000","코스피 200","410.97","1.13","0.28"
"2021/09/24","40965","40","-0.10","41031.49","41200","41270","40910","6265872","257077640690","5102190750000","5001738414860","124550000","코스피 200","409.84","0.62","-0.15"
"2021/09/23","41005","65","-0.16","41093.35","40820","41110","40745","5441902","222989976595","5166630000000","5118177246791","126000000","코스피 200","410.46","0.53","-0.13"
"2021/09/17","41070","105","0.26","41145.52","40820","41140","40675","4331783","177658856780","5240532000000","5184335622758","127600000","코스피 200","410.99","1.77","0.43"
"2021/09/16","40965","360","-0.87","40969.56","41490","41490","40880","5613806","230293301960","5067370500000","5227715938133","123700000","코스피 200","409.22","3.63","-0.88"
"2021/09/15","41325","60","0.15","41334.32","41275","41480","41095","4602430","190224685570","4979662500000","5113055829156","120500000","코스피 200","412.85","0.49","0.12"
"2021/09/14","41265","260","0.63","41285.88","41160","41510","41160","5231165","216375245210","4908471750000","4974949064647","118950000","코스피 200","412.36","2.66","0.65"
"2021/09/13","41005","90","0.22","41020.87","40765","41140","40705","4517520","184966154230","4713524750000","4879432279758","114950000","코스피 200","409.70","1.00","0.24"
"2021/09/10","40915","190","0.47","40920.96","40800","41015","40670","4861901","198753140740","5003904500000","4703864302981","122300000","코스피 200","408.70","1.42","0.35"
"2021/09/09","40725","735","-1.77","40779.71","41330","41370","40695","4219444","172797114900","5182256250000","4987358750097","127250000","코스피 200","407.28","7.26","-1.75"
"2021/09/08","41460","365","-0.87","41506.69","41675","41805","41390","4229352","175710764795","5340048000000","5281726097887","128800000","코스피 200","414.54","3.26","-0.78"
"2021/09/07","41825","250","-0.59","41834.42","42040","42055","41675","3591745","150169251700","5466527500000","5388273555852","130700000","코스피 200","417.80","2.57","-0.61"
"2021/09/06","42075","145","0.35","42091.45","41975","42125","41835","4452547","187144443505","5537070000000","5501352941454","131600000","코스피 200","420.37","1.15","0.27"
"2021/09/03","41930","270","0.65","41977.29","41790","42020","41670","4498314","188523538420","5459286000000","5524210855738","130200000","코스피 200","419.22","3.33","0.80"
"2021/09/02","41660","385","-0.92","41645.47","41960","42040","41525","5990056","249787926985","5413717000000","5422239640248","129950000","코스피 200","415.89","4.03","-0.96"
"2021/09/01","42045","60","0.14","42047.28","41935","42165","41750","4582369","192412019090","5436418500000","5464043968476","129300000","코스피 200","419.92","0.13","0.03"
"2021/08/31","41985","815","1.98","42033.30","41205","41985","41005","4764658","198132242445","5384576250000","5434905365818","128250000","코스피 200","419.79","8.29","2.01"
"2021/08/30","41170","100","0.24","41204.71","41480","41560","41070","4219723","173993877280","5387094500000","5284503439505","130850000","코스피 200","411.50","1.26","0.31"
"2021/08/27","41070","25","-0.06","41079.89","40945","41235","40765","5072400","208116667600","5308297500000","5375303274049","129250000","코스피 200","410.24","0.14","-0.03"
"2021/08/26","41095","310","-0.75","41093.86","41470","41595","41025","3769213","155297906795","5143039250000","5311381231015","125150000","코스피 200","410.38","3.57","-0.86"
"2021/08/25","41405","130","0.31","41449.13","41385","41610","41125","3821022","158181895760","4896141250000","5187358286257","118250000","코스피 200","413.95","1.47","0.36"
"2021/08/24","41275","770","1.90","41303.91","40840","41300","40840","4241423","174662300715","4930298750000","4884187657082","119450000","코스피 200","412.48","7.90","1.95"
"2021/08/23","40505","360","0.90","40513.15","40420","40825","40260","5409615","219620433560","4763388000000","4839295615668","117600000","코스피 200","404.58","3.80","0.95"
"2021/08/20","40145","395","-0.97","40133.65","40700","40870","39980","8408192","338755192060","4658827250000","4719717324170","116050000","코스피 200","400.78","4.18","-1.03"
"2021/08/19","40540","825","-1.99","40551.61","41045","41300","40540","6759342","275995215480","4755342000000","4706014468165","117300000","코스피 200","404.96","8.40","-2.03"
"2021/08/18","41365","205","0.50","41392.60","41175","41570","40955","4808571","198597128760","4773521000000","4855352234549","115400000","코스피 200","413.36","2.05","0.50"
"2021/08/17","41160","470","-1.13","41188.25","41670","41775","41090","5913734","244119635635","4673718000000","4753123837740","113550000","코스피 200","411.31","4.75","-1.14"
"2021/08/13","41630","715","-1.69","41661.92","42245","42275","41455","7095485","295609097265","4618848500000","4730711239714","110950000","코스피 200","416.06","6.32","-1.50"
"2021/08/12","42345","170","-0.40","42296.62","42505","42595","42200","4505379","191020379075","4710881250000","4692810334945","111250000","코스피 200","422.38","2.36","-0.56"
"2021/08/11","42515","385","-0.90","42532.69","42785","42920","42490","4612520","196614551565","4857338750000","4731761577476","114250000","코스피 200","424.74","3.82","-0.89"
"2021/08/10","42900","280","-0.65","42915.49","43325","43325","42755","3407441","146238867475","4963530000000","4903094208542","115700000","코스피 200","428.56","3.09","-0.72"
"2021/08/09","43180","200","-0.46","43223.13","43190","43350","43035","3972301","171665564785","4546854000000","5000915932315","105300000","코스피 200","431.65","1.64","-0.38"
"2021/08/06","43380","205","-0.47","43387.24","43580","43680","43280","3737342","162251235470","4309803000000","4568676534168","99350000","코스피 200","433.29","1.45","-0.33"
"2021/08/05","43585","80","-0.18","43533.78","43655","43835","43510","5139328","224101463160","4297481000000","4325080620590","98600000","코스피 200","434.74","1.31","-0.30"
"2021/08/04","43665","605","1.41","43663.88","43170","43710","43095","6976309","303532625800","4191840000000","4305258802931","96000000","코스피 200","436.05","6.07","1.41"
"2021/08/03","43060","375","0.88","43057.25","42630","43060","42600","4634044","199145668160","4209115000000","4133495707621","97750000","코스피 200","429.98","3.19","0.75"
"2021/08/02","42685","200","0.47","42736.73","42685","42755","42370","5666629","241688413325","4131908000000","4177514891719","96800000","코스피 200","426.79","2.88","0.68"
"2021/07/30","42485","525","-1.22","42448.08","42830","42845","42450","5066159","215494537635","4112548000000","4108974180786","96800000","코스피 200","423.91","5.58","-1.30"
"2021/07/29","43010","60","0.14","43006.01","43075","43160","42865","3999341","171997075355","4163368000000","4162981345385","96800000","코스피 200","429.49","0.34","0.08"
"2021/07/28","43005","130","0.30","42971.40","42800","43070","42650","3691893","158405200520","4167184500000","4159631905519","96900000","코스피 200","429.15","0.93","0.22"
"2021/07/27","42875","70","0.16","42933.77","43030","43195","42875","3617517","155554216275","3998093750000","4160282495067","93250000","코스피 200","428.22","0.75","0.18"
"2021/07/26","42805","465","-1.07","42860.23","43405","43405","42805","3752968","161234472200","3822486500000","3996716322783","89300000","코스피 200","427.47","4.08","-0.95"
"2021/07/23","43270","80","0.19","43268.59","43260","43400","43140","5383684","232979538420","3874828500000","3863885478135","89550000","코스피 200","431.55","0.17","0.04"
"2021/07/22","43190","530","1.24","43252.18","42910","43280","42910","3684633","159036036530","3867664500000","3873232737478","89550000","코스피 200","431.38","5.38","1.26"
"2021/07/21","42660","220","-0.51","42714.05","43145","43145","42625","4986269","213233033925","3903390000000","3825043177860","91500000","코스피 200","426.00","2.55","-0.60"
"2021/07/20","42880","140","-0.33","42966.17","42705","42930","42660","3885032","166484313190","3906368000000","3931404508071","91100000","코스피 200","428.55","1.34","-0.31"
"2021/07/19","43020","490","-1.13","43100.09","43135","43155","42930","4034494","173640698245","3923424000000","3926418325774","91200000","코스피 200","429.89","4.93","-1.13"
"2021/07/16","43510","185","-0.42","43596.09","43500","43560","43345","3617046","157379009300","4068185000000","3975963111280","93500000","코스피 200","434.82","1.94","-0.44"
"2021/07/15","43695","295","0.68","43787.88","43525","43720","43380","2841123","124014631045","3917256750000","4094166704624","89650000","코스피 200","436.76","3.19","0.74"
"2021/07/14","43400","150","-0.34","43469.89","43400","43465","43225","3453656","149866478915","3756270000000","3897075848085","86550000","코스피 200","433.57","1.14","-0.26"
"2021/07/13","43550","365","0.85","43584.13","43380","43565","43380","3654600","159109383400","3793205000000","3772206209993","87100000","코스피 200","434.71","3.43","0.80"
"2021/07/12","43185","385","0.90","43241.60","43060","43260","43060","3929269","169746843050","3819713250000","3766343416027","88450000","코스피 200","431.28","3.44","0.80"
"2021/07/09","42800","460","-1.06","42898.61","42840","43050","42445","8288519","353852833970","3926900000000","3794382184234","91750000","코스피 200","427.84","4.79","-1.11"
"2021/07/08","43260","455","-1.04","43378.05","43765","43875","43260","5209381","226292034665","3925845000000","3979936133333","90750000","코스피 200","432.63","4.34","-0.99"
"2021/07/07","43715","275","-0.63","43811.07","43840","43840","43605","3816728","166840486960","3829434000000","3975854412600","87600000","코스피 200","436.97","2.53","-0.58"
"2021/07/06","43990","200","0.46","44065.71","43910","44100","43895","4009188","176417564395","3952501500000","3860155765190","89850000","코스피 200","439.50","1.84","0.42"
"2021/07/05","43790","205","0.47","43880.55","43770","43910","43710","2774715","121653819330","3879794000000","3942667219607","88600000","코스피 200","437.66","1.66","0.38"
"2021/07/02","43585","55","-0.13","43713.79","43625","43815","43580","3436772","150106378270","3948801000000","3873041591638","90600000","코스피 200","436.00","0.34","-0.08"
"2021/07/01","43640","255","-0.58","43748.50","43915","43915","43575","4290079","187399753285","4078158000000","3963614313309","93450000","코스피 200","436.34","2.50","-0.57"
"2021/06/30","43895","155","0.35","43996.40","43845","44020","43805","3252256","142952677335","4053703250000","4111463607149","92350000","코스피 200","438.84","1.30","0.30"
"2021/06/29","43740","170","-0.39","43865.06","43935","43960","43605","3939461","172417983275","4098438000000","4050938085224","93700000","코스피 200","437.54","2.44","-0.55"
"2021/06/28","43910","45","-0.10","44003.95","44015","44060","43800","3513373","154406289190","4077043500000","4123169673851","92850000","코스피 200","439.98","0.42","-0.10"
"2021/06/25","43955","220","0.50","44046.92","43910","44175","43880","4136736","182048749010","3993311750000","4089756847614","90850000","코스피 200","440.40","2.02","0.46"
"2021/06/24","43735","165","0.38","43844.55","43640","43855","43635","3152929","137989286885","4054234500000","3983277803557","92700000","코스피 200","438.38","1.65","0.38"
"2021/06/23","43570","225","0.52","43681.26","43495","43640","43380","4384229","191011555010","4108651000000","4049252829212","94300000","코스피 200","436.73","2.31","0.53"
"2021/06/22","43345","295","0.69","43448.42","43285","43405","43240","4466264","193678376545","4178458000000","4097185632817","96400000","코스피 200","434.42","2.96","0.69"
"2021/06/21","43050","420","-0.97","43154.26","43025","43200","42860","5570443","239739492385","4100512500000","4160071072075","95250000","코스피 200","431.46","3.56","-0.82"
"2021/06/18","43470","130","0.30","43510.89","43440","43585","43350","3680167","160033922245","4138344000000","4144412606973","95200000","코스피 200","435.02","0.29","0.07"
"2021/06/17","43340","250","-0.57","43481.25","43350","43420","43165","5396436","233841798475","4173642000000","4139415208366","96300000","코스피 200","434.73","2.23","-0.51"
"2021/06/16","43590","265","0.61","43704.87","43270","43650","43260","3676301","160285575250","4132332000000","4208779256731","94800000","코스피 200","436.96","2.83","0.65"
"2021/06/15","43325","100","0.23","43422.04","43255","43390","43175","3073690","133173151915","4111542500000","4116409244897","94900000","코스피 200","434.13","0.91","0.21"
"2021/06/14","43225","20","-0.05","43331.97","43285","43285","43075","3097154","133878665355","4099891250000","4112203937177","94850000","코스피 200","433.22","0.44","0.10"
"2021/06/11","43245","315","0.73","43287.38","43050","43335","43045","4378278","189141082110","4101788250000","4105808192298","94850000","코스피 200","432.78","3.43","0.80"
"2021/06/10","42930","145","0.34","42944.81","42815","43060","42745","4871454","209219671120","4071910500000","4073315483671","94850000","코스피 200","429.35","1.19","0.28"
"2021/06/09","42785","490","-1.13","42827.28","43180","43235","42785","3459079","148917158500","4107360000000","4062167777671","96000000","코스피 200","428.16","4.72","-1.09"
"2021/06/08","43275","85","-0.20","43297.65","43360","43500","43215","2840242","123096514900","4504927500000","4156574430793","104100000","코스피 200","432.88","0.38","-0.09"
"2021/06/07","43360","155","0.36","43335.52","43455","43575","43070","4247539","183928888595","4669872000000","4511227295246","107700000","코스피 200","433.26","1.04","0.24"
"2021/06/04","43205","165","-0.38","43231.27","43200","43295","42925","5274101","227607117455","5117632250000","4656007401660","118450000","코스피 200","432.22","1.65","-0.38"
"2021/06/03","43370","400","0.93","43396.88","43050","43550","43050","4755748","206364874415","5262949500000","5140360877361","121350000","코스피 200","433.87","3.72","0.86"
"2021/06/02","42970","35","-0.08","43025.99","43015","43260","42925","4844660","208521877415","5506605500000","5221203382842","128150000","코스피 200","430.15","0.17","-0.04"
"2021/06/01","43005","245","0.57","43042.63","42760","43240","42700","5297118","227866422790","5448733500000","5515913327744","126700000","코스피 200","430.32","2.41","0.56"
"2021/05/31","42760","165","0.39","42803.05","42730","42760","42430","4618216","197060482055","5496798000000","5423146904487","128550000","코스피 200","427.91","1.96","0.46"
"2021/05/28","42595","260","0.61","42607.97","42460","42760","42385","5215301","222231293820","5260482500000","5477254631699","123500000","코스피 200","425.95","2.95","0.70"
"2021/05/27","42335","75","-0.18","42313.30","42440","42490","42035","13177331","556810966230","4972245750000","5225692443582","117450000","코스피 200","423.00","0.54","-0.13"
"2021/05/26","42410","85","-0.20","42419.52","42550","42670","42325","5204460","221067624020","4703269000000","4982172960446","110900000","코스피 200","423.54","0.81","-0.19"
"2021/05/25","42495","400","0.95","42503.33","42310","42555","42210","5805624","246359976705","4812558750000","4713619768343","113250000","코스피 200","424.35","3.78","0.90"
"2021/05/24","42095","120","-0.28","42124.76","42170","42340","41990","6106818","257406310545","4872496250000","4770628798482","115750000","코스피 200","420.57","1.51","-0.36"
"2021/05/21","42215","20","-0.05","42275.83","42470","42835","42130","8246703","349676347875","4694308000000","4893426743770","111200000","코스피 200","422.08","0.40","0.09"
"2021/05/20","42235","135","-0.32","42228.74","42045","42345","41955","4215729","177854299670","4565603500000","4695836143514","108100000","코스피 200","421.68","1.41","-0.33"
"2021/05/18","42370","495","1.18","42368.19","42005","42435","42005","4389457","185776391700","4614093000000","4580000928657","108900000","코스피 200","423.09","4.82","1.15"
"2021/05/17","41875","180","-0.43","41886.80","42295","42310","41640","5220610","218724359650","4568562500000","4561472105471","109100000","코스피 200","418.27","1.90","-0.45"
"2021/05/14","42055","390","0.94","42072.50","41825","42200","41775","7032555","295366588470","4472549250000","4590109976831","106350000","코스피 200","420.17","4.10","0.99"
"2021/05/13","41665","485","-1.15","41663.51","41590","42090","41480","6430467","268494705955","4749810000000","4430914474206","114000000","코스피 200","416.07","5.79","-1.37"
"2021/05/12","42150","710","-1.66","42243.77","42880","42880","41850","7015716","296195406610","4474222500000","4815789622448","106150000","코스피 200","421.86","6.91","-1.61"
"2021/05/11","42860","765","-1.75","42933.76","43310","43385","42695","5376252","230610186535","4442439000000","4557418135724","103650000","코스피 200","428.77","6.86","-1.57"
"2021/05/10","43625","720","1.68","43621.71","43140","43730","43050","5371064","233827774355","4218537500000","4521390724581","96700000","코스피 200","435.63","7.07","1.65"
"2021/05/07","42905","275","0.65","42914.49","42695","43040","42635","4762435","204331090405","4157494500000","4149831363086","96900000","코스피 200","428.56","1.92","0.45"
"2021/05/06","42630","250","0.59","42720.48","42205","42650","42155","4079571","173705212230","4156425000000","4139614629521","97500000","코스피 200","426.64","3.07","0.72"
"2021/05/04","42380","355","0.84","42416.48","42070","42380","41930","4407448","185965520225","4085432000000","4135606754516","96400000","코스피 200","423.57","3.21","0.76"
"2021/05/03","42025","270","-0.64","42095.46","42250","42630","41975","5093573","215162424365","4116348750000","4058002281384","97950000","코스피 200","420.36","2.00","-0.47"
"2021/04/30","42295","295","-0.69","42296.03","42525","42655","42135","5000310","211739452525","4142795250000","4142896042169","97950000","코스피 200","422.36","3.92","-0.92"
"2021/04/29","42590","145","-0.34","42689.59","42885","43020","42505","5172662","221104257650","4171690500000","4181445378292","97950000","코스피 200","426.28","1.20","-0.28"
"2021/04/28","43405","465","-1.06","42808.47","43820","43825","43320","3886549","169029208480","4366543000000","4193089389033","100600000","코스피 200","427.48","4.66","-1.08"
"2021/04/27","43870","50","0.11","43948.20","43860","43910","43680","4696932","205879927500","4329969000000","4421189329480","98700000","코스피 200","432.14","0.22","-0.05"
"2021/04/26","43820","395","0.91","43968.24","43540","43830","43500","4703970","205733214250","4460876000000","4339665745993","101800000","코스피 200","432.36","4.02","0.94"
"2021/04/23","43425","25","0.06","43568.34","43170","43550","42925","4199882","182233168590","4683386250000","4435256798276","107850000","코스피 200","428.34","0.97","0.23"
"2021/04/22","43400","65","0.15","43471.36","43520","43690","43355","6251618","271891542430","4491900000000","4688385969013","103500000","코스피 200","427.37","0.62","0.15"
"2021/04/21","43335","790","-1.79","43409.23","43840","43905","43195","11608961","503765098120","4493839500000","4492855009988","103700000","코스피 200","426.75","7.85","-1.81"
"2021/04/20","44125","275","0.63","44199.58","43760","44170","43760","5454369","240607378420","4697106250000","4583496201176","106450000","코스피 200","434.60","2.64","0.61"
"2021/04/19","43850","5","-0.01","43936.13","43855","44120","43730","5106949","224442726885","4683180000000","4677000556676","106800000","코스피 200","431.96","0.47","-0.11"
"2021/04/16","43855","25","-0.06","43984.76","44025","44040","43715","5925140","259949463850","4549956250000","4697572142480","103750000","코스피 200","432.43","0.23","-0.05"
"2021/04/15","43880","40","0.09","44011.32","43765","44135","43725","6682443","293398604945","4550356000000","4566174595147","103700000","코스피 200","432.66","1.95","0.45"
"2021/04/14","43840","300","0.69","43813.66","43660","43895","43480","6682250","292060089030","4675536000000","4543476789707","106650000","코스피 200","430.71","1.63","0.38"
"2021/04/13","43540","490","1.14","43649.76","43060","43690","43045","4687090","203812595245","4732798000000","4655247032200","108700000","코스피 200","429.08","4.86","1.15"
"2021/04/12","43050","0","0.00","43160.82","43200","43255","42950","5890537","253934456320","4838820000000","4691580874843","112400000","코스피 200","424.22","0.08","-0.02"
"2021/04/09","43050","205","-0.47","43168.82","43290","43475","42945","7187076","310176890230","4858192500000","4852175162266","112850000","코스피 200","424.30","2.56","-0.60"
"2021/04/08","43255","40","-0.09","43426.77","43230","43350","43065","5325846","230272572285","5004603500000","4900711507372","115700000","코스피 200","426.86","0.16","0.04"
"2021/04/07","43295","105","0.24","43411.63","43270","43445","43135","5107254","221136002215","5097986250000","5022725335596","117750000","코스피 200","426.70","0.82","0.19"
"2021/04/06","43190","60","0.14","43330.92","43380","43405","42960","4911544","212278282145","4994923500000","5102215486921","115650000","코스피 200","425.88","1.03","0.24"
"2021/04/05","43130","85","0.20","43227.90","43200","43260","42880","5186919","223561727765","4940541500000","4999306411043","114550000","코스피 200","424.85","1.11","0.26"
"2021/04/02","43045","475","1.12","43117.34","42920","43190","42895","5352010","230445530640","4932957000000","4939091412968","114600000","코스피 200","423.74","4.32","1.03"
"2021/04/01","42570","385","0.91","42683.41","42485","42650","42315","5221705","222156542815","4814667000000","4891519169521","113100000","코스피 200","419.42","4.38","1.06"
"2021/03/31","42185","115","-0.27","42242.86","42410","42695","42175","7237093","306821963975","4709955250000","4777667038625","111650000","코스피 200","415.04","1.57","-0.38"
"2021/03/30","42300","470","1.12","42405.43","41940","42455","41940","5099664","215601592100","4741830000000","4734566311089","112100000","코스피 200","416.61","4.56","1.11"
"2021/03/29","41830","75","-0.18","41885.36","42050","42060","41670","6417371","268714517650","4743522000000","4695348903695","113400000","코스피 200","412.05","0.84","-0.20"
"2021/03/26","41905","385","0.93","41969.71","41685","41955","41575","6635123","277566455115","4768789000000","4759365400024","113800000","코스피 200","412.89","4.36","1.07"
"2021/03/25","41520","180","0.44","41532.10","41230","41795","41210","9780916","405663749425","4724976000000","4726352841826","113800000","코스피 200","408.53","1.43","0.35"
"2021/03/24","41340","190","-0.46","41394.64","41265","41515","41015","5672036","234404140920","4690023000000","4710709732356","113450000","코스피 200","407.10","1.61","-0.39"
"2021/03/23","41530","395","-0.94","41555.48","42180","42270","41485","6645759","277388673655","4823709500000","4714469352318","116150000","코스피 200","408.71","3.93","-0.95"
"2021/03/22","41925","70","0.17","41950.88","42025","42095","41615","6345196","265753193295","4867492500000","4872594423057","116100000","코스피 200","412.64","0.27","-0.07"
"2021/03/19","41855","445","-1.05","41980.92","41715","42075","41645","9277711","388305287530","4926333500000","4873984277408","117700000","코스피 200","412.91","4.15","-1.00"
"2021/03/18","42300","305","0.73","42398.54","42320","42715","42300","8690814","369196989480","5010435000000","4990308684612","118450000","코스피 200","417.06","3.05","0.74"
"2021/03/17","41995","335","-0.79","42092.83","42340","42355","41730","8129905","341172859805","5194781500000","4985895955507","123700000","코스피 200","414.01","3.30","-0.79"
"2021/03/16","42330","350","0.83","42423.62","42180","42435","42090","5575783","235725803290","5225638500000","5247801205496","123450000","코스피 200","417.31","3.13","0.76"
"2021/03/15","41980","205","-0.49","42109.82","42230","42315","41935","8495978","357507311195","5205520000000","5198457785232","124000000","코스피 200","414.18","1.95","-0.47"
"2021/03/12","42185","370","0.88","42306.89","42255","42415","42015","6953557","293839176895","5283671250000","5246053954311","125250000","코스피 200","416.13","5.11","1.24"
"2021/03/11","41815","835","2.04","41794.53","41145","41935","41130","6417962","267460808655","5170424750000","5234765114785","123650000","코스피 200","411.02","7.54","1.87"
"2021/03/10","40980","235","-0.57","41035.46","41760","41760","40875","8187756","337508916205","5097912000000","5074034261528","124400000","코스피 200","403.48","2.31","-0.57"
"2021/03/09","41215","260","-0.63","41266.40","41485","41540","40565","11896444","488639162070","5123024500000","5133539603033","124300000","코스피 200","405.79","2.55","-0.62"
"2021/03/08","41475","395","-0.94","41522.10","42250","42250","41390","8296841","346173833025","5153268750000","5161197221461","124250000","코스피 200","408.34","3.66","-0.89"
"2021/03/05","41870","225","-0.53","41885.71","41470","42005","41235","10363864","431982631345","5175132000000","5204298980744","123600000","코스피 200","412.00","2.17","-0.52"
"2021/03/04","42095","545","-1.28","42104.34","42095","42435","41790","6777655","285346043155","5154532750000","5204096744228","122450000","코스피 200","414.17","6.10","-1.45"
"2021/03/03","42640","470","1.11","42720.97","42070","42650","41925","6142052","260567807090","5231928000000","5231182706938","122700000","코스피 200","420.27","5.47","1.32"
"2021/03/02","42170","465","1.11","42173.59","42705","42920","41835","8601611","364598093960","5138414500000","5174699306574","121850000","코스피 200","414.80","4.89","1.19"
"2021/02/26","41705","1185","-2.76","41681.28","41960","41995","41325","10297433","428760898900","5088010000000","5078863966125","122000000","코스피 200","409.91","12.61","-2.98"
"2021/02/25","42890","1505","3.64","42949.49","42010","42920","41960","8858726","376632746420","5213279500000","5239837824765","121550000","코스피 200","422.52","15.36","3.77"
"2021/02/24","41385","900","-2.13","41406.04","42250","42680","41350","10408909","436846427505","5044831500000","5032904160698","121900000","코스피 200","407.16","8.66","-2.08"
"2021/02/23","42285","45","-0.11","42276.85","42050","42615","41730","7733807","325943752925","5105913750000","5153548408543","120750000","코스피 200","415.82","1.06","-0.25"
"2021/02/22","42330","450","-1.05","42374.63","43055","43260","42290","8518245","363276427210","5121930000000","5116736787463","121000000","코스피 200","416.88","4.06","-0.96"
"2021/02/19","42780","370","0.87","42781.41","42440","42805","41720","9728222","411428065995","5490813000000","5176550074756","128350000","코스피 200","420.94","3.50","0.84"
"2021/02/18","42410","615","-1.43","42427.18","42950","43125","42385","8841408","377264650295","5481492500000","5445528608901","129250000","코스피 200","417.44","6.76","-1.59"
"2021/02/17","43025","470","-1.08","43107.02","43255","43270","42735","17530618","752960197605","5498595000000","5571582578480","127800000","코스피 200","424.20","5.04","-1.17"
"2021/02/16","43495","190","0.44","43612.43","43475","43870","43280","8542745","371703351650","5512991250000","5573668478968","126750000","코스피 200","429.24","2.23","0.52"
"2021/02/15","43305","625","1.46","43394.91","43305","43510","43145","6603808","286361991960","5462925750000","5500304327795","126150000","코스피 200","427.01","7.36","1.75"
"2021/02/10","42680","295","0.70","42653.60","42525","42795","42095","6526416","277487956930","5381948000000","5380751764436","126100000","코스피 200","419.65","1.74","0.42"
"2021/02/09","42385","145","-0.34","42471.93","42835","43145","42385","8236149","352167874760","5416803000000","5355709881364","127800000","코스피 200","417.91","1.04","-0.25"
"2021/02/08","42530","420","-0.98","42577.60","42905","43090","42475","7391704","315915071240","5901037500000","5441417903091","138750000","코스피 200","418.95","4.35","-1.03"
"2021/02/05","42950","540","1.27","43014.15","42660","43030","42385","13252969","566378907190","6053802500000","5968213702061","140950000","코스피 200","423.30","4.99","1.19"
"2021/02/04","42410","720","-1.67","42520.55","43030","43030","42125","18129738","769248198985","6100678500000","5993271566551","143850000","코스피 200","418.31","6.90","-1.62"
"2021/02/03","43130","355","0.83","43213.56","43125","43405","42580","10276903","442166121935","6262476000000","6216271164190","145200000","코스피 200","425.21","4.18","0.99"
"2021/02/02","42775","625","1.48","42793.95","42600","43400","42330","12520132","536873007270","6493245000000","6213681141226","151800000","코스피 200","421.03","5.58","1.34"
"2021/02/01","42150","1025","2.49","42231.91","41000","42170","40705","10696458","446091393985","5983192500000","6410803271423","141950000","코스피 200","415.45","10.89","2.69"
"2021/01/29","41125","945","-2.25","41144.32","42555","42620","40910","13333276","555949253910","5837693750000","5840436818740","141950000","코스피 200","404.56","11.84","-2.84"
"2021/01/28","42070","790","-1.84","42232.24","42155","42645","41830","10835668","456871890425","5971836500000","5994866390039","141950000","코스피 200","416.40","7.27","-1.72"
"2021/01/27","42910","145","-0.34","42962.68","43370","43805","42775","8780005","379271759730","5923725500000","6098552796866","138050000","코스피 200","423.67","3.06","-0.72"
"2021/01/26","43055","1205","-2.72","43320.44","44160","44195","42855","10607621","459388395640","5980339500000","5980386423482","138900000","코스피 200","426.73","10.57","-2.42"
"2021/01/25","44260","1035","2.39","44381.63","43405","44320","43265","6385034","280656320010","5899858000000","6164608193270","133300000","코스피 200","437.30","10.17","2.38"
"2021/01/22","43225","305","-0.70","43349.16","43675","43930","43225","13042949","566951288400","5805117500000","5778443219717","134300000","코스피 200","427.13","3.14","-0.73"
"2021/01/21","43530","630","1.47","43663.74","43300","43590","43010","9087554","393612197040","5600134500000","5864040175114","128650000","코스피 200","430.27","6.26","1.48"
"2021/01/20","42900","245","0.57","43035.92","43410","43495","42445","10680032","457746977360","5499780000000","5536571235370","128200000","코스피 200","424.01","2.66","0.63"
"2021/01/19","42655","1095","2.63","42769.82","41785","42950","41590","9750896","413988374005","5410786750000","5483091210859","126850000","코스피 200","421.35","10.85","2.64"
"2021/01/18","41560","990","-2.33","41681.68","42095","42495","41455","11959669","501642575145","5269808000000","5287320926701","126800000","코스피 200","410.50","9.93","-2.36"
"2021/01/15","42550","955","-2.20","42677.27","43735","44185","42535","11911736","512902640485","5435762500000","5411477488072","127750000","코스피 200","420.43","9.42","-2.19"
"2021/01/14","43505","55","-0.13","43609.60","43340","43830","43240","9091710","395584999430","5788340250000","5571126396031","133050000","코스피 200","429.85","0.53","-0.12"
"2021/01/13","43560","245","0.57","43664.44","43360","43895","43015","11988847","521934502260","5976432000000","5809553698140","137200000","코스피 200","430.38","2.51","0.59"
"2021/01/12","43315","340","-0.78","43413.04","43430","43725","42125","25494989","1093935754440","6133404000000","5956269703483","141600000","코스피 200","427.87","3.26","-0.76"
"2021/01/11","43655","110","0.25","43741.49","44000","45370","42930","23107696","1019726637330","6196827250000","6193795051268","141950000","코스피 200","431.13","0.91","0.21"
"2021/01/08","43545","1845","4.42","43651.13","42245","43785","42115","11521190","494420112265","6518686500000","6196278518911","149700000","코스피 200","430.22","19.41","4.72"
"2021/01/07","41700","950","2.33","41709.04","41210","42040","41190","8752407","364764290470","6177855000000","6243842734584","148150000","코스피 200","410.81","8.73","2.17"
"2021/01/06","40750","400","-0.97","40835.69","41270","41680","40595","15221599","625103057790","5880225000000","6049807550104","144300000","코스피 200","402.08","3.95","-0.97"
"2021/01/05","41150","610","1.50","41230.17","40325","41150","40200","9126676","370933192250","5623147500000","5949512833326","136650000","코스피 200","406.03","6.15","1.54"
"2021/01/04","40540","1040","2.63","40615.17","39585","40615","39405","12185235","489888903885","5787085000000","5550062900449","142750000","코스피 200","399.88","10.59","2.72"
"2020/12/30","39500","815","2.11","39554.42","38520","39590","38440","12736997","498185042565","5638625000000","5646393766858","142750000","코스피 200","389.29","8.02","2.10"
"2020/12/29","38685","645","1.70","38752.99","38395","38720","37940","16428368","631895691555","5216672250000","5531989027842","134850000","코스피 200","381.27","1.34","0.35"
"2020/12/28","38040","190","0.50","38037.90","38090","38370","37890","9844389","375734145760","4985142000000","5129410289653","131050000","코스피 200","379.93","0.75","0.20"
"2020/12/24","37850","740","1.99","37962.89","37180","37985","37180","10047380","378337158545","5073792500000","4975037148341","134050000","코스피 200","379.18","7.86","2.12"
"2020/12/23","37110","520","1.42","37178.37","36780","37160","36465","15811599","585136437105","4969029000000","4983760300602","133900000","코스피 200","371.32","4.89","1.33"
"2020/12/22","36590","605","-1.63","36688.20","37055","37145","36590","13099479","482358584594","5049420000000","4912550219024","138000000","코스피 200","366.43","5.75","-1.54"
"2020/12/21","37195","45","0.12","37263.70","37205","37225","36740","14021631","519603837885","5062239500000","5142391027729","136100000","코스피 200","372.18","0.63","0.17"
"2020/12/18","37150","50","-0.13","37201.56","37290","37315","37055","7557423","281095659670","5030110000000","5063132192813","135400000","코스피 200","371.55","0.45","-0.12"
"2020/12/17","37200","35","-0.09","37246.95","37260","37270","36815","8171247","302943490880","5137320000000","5043237574390","138100000","코스피 200","372.00","0.53","-0.14"
"2020/12/16","37235","155","0.42","37299.65","37370","37465","37130","7680296","286075944400","5564770750000","5151081725376","149450000","코스피 200","372.53","1.65","0.44"
"2020/12/15","37080","0","0.00","37135.34","37100","37150","36710","13772264","508903314740","5356206000000","5549876087146","144450000","코스피 200","370.88","0.68","-0.18"
"2020/12/14","37080","145","-0.39","37203.74","37250","37430","37035","13689086","508784501960","5254236000000","5374080725754","141700000","코스피 200","371.56","0.68","-0.18"
"2020/12/11","37225","320","0.87","37271.83","37145","37400","37120","10436927","388569397530","5274782500000","5281418955445","141700000","코스피 200","372.24","2.87","0.78"
"2020/12/10","36905","295","-0.79","36985.70","36780","37240","36575","11741753","433674579625","5229438500000","5240873173964","141700000","코스피 200","369.37","2.10","-0.57"
"2020/12/09","37200","840","2.31","37198.77","36580","37200","36535","13249828","488333367905","5823660000000","5271065062377","156550000","코스피 200","371.47","8.02","2.21"
"2020/12/08","36360","590","-1.60","36395.25","36915","36935","36360","13170091","482622154695","5799420000000","5697675873518","159500000","코스피 200","363.45","6.41","-1.73"
"2020/12/07","36950","200","0.54","37038.25","37060","37115","36510","18683440","688192364180","6056105000000","5907601571455","163900000","코스피 200","369.86","2.23","0.61"
"2020/12/04","36750","645","1.79","36814.61","36245","36965","36235","11121191","408700234420","6181350000000","6033914780321","168200000","코스피 200","367.63","5.97","1.65"
"2020/12/03","36105","255","0.71","36212.13","35970","36145","35825","12162287","438098933850","6024119250000","6090879546698","166850000","코스피 200","361.66","3.00","0.84"
"2020/12/02","35850","615","1.75","35911.79","35405","35900","35360","7917365","283106573175","5902702500000","5991882087564","164650000","코스피 200","358.66","6.26","1.78"
"2020/12/01","35235","550","1.59","35285.24","34900","35335","34890","5413659","190171345045","5931812250000","5809714674544","168350000","코스피 200","352.40","6.35","1.83"
"2020/11/30","34685","535","-1.52","34648.84","35330","35470","34685","15007819","524867593650","5912058250000","5833132828103","170450000","코스피 200","346.05","6.68","-1.89"
"2020/11/27","35220","80","0.23","35317.06","35140","35270","35025","9576458","337051462510","5871174000000","6019793063743","166700000","코스피 200","352.73","0.61","0.17"
"2020/11/26","35140","345","0.99","35255.64","34780","35140","34690","8207630","287083028705","5924604000000","5877115881971","168600000","코스피 200","352.12","3.82","1.10"
"2020/11/25","34795","205","-0.59","34873.91","35225","35340","34615","11035676","386681772560","5902971750000","5879740720326","169650000","코스피 200","348.30","1.98","-0.57"
"2020/11/24","35000","190","0.55","35069.56","34935","35210","34820","11447244","401242312650","6074250000000","5949550219401","173550000","코스피 200","350.28","1.82","0.52"
"2020/11/23","34810","780","2.29","34886.76","34150","34850","34055","8953641","310676271835","6133522000000","6054597183586","176200000","코스피 200","348.46","7.84","2.30"
"2020/11/20","34030","35","0.10","34102.89","33925","34140","33845","7302254","248288757065","5934832000000","6008928503029","174400000","코스피 200","340.62","0.46","0.14"
"2020/11/19","33995","45","0.13","34058.30","33815","34005","33725","7315739","247757246160","5947425250000","5939766915130","174950000","코스피 200","340.16","0.20","0.06"
"2020/11/18","33950","35","-0.10","34037.79","34000","34145","33875","7760885","263815002755","5931065000000","5954911504857","174700000","코스피 200","339.96","0.11","0.03"
"2020/11/17","33985","10","-0.03","34027.58","34080","34205","33895","11098016","377896800925","5904893750000","5944618964982","173750000","코스피 200","339.85","0.78","-0.23"
"2020/11/16","33995","710","2.13","34105.64","33505","34085","33420","9500098","322258562670","5969522000000","5925854225196","175600000","코스피 200","340.63","7.60","2.28"
"2020/11/13","33285","345","1.05","33345.89","32815","33295","32780","8850301","293177973735","5675092500000","5855538231071","170500000","코스피 200","333.03","3.31","1.00"
"2020/11/12","32940","160","-0.48","33015.27","33085","33135","32840","13036933","430218047880","5601447000000","5629102691207","170050000","코스피 200","329.72","1.40","-0.42"
"2020/11/11","33100","525","1.61","33154.94","32695","33155","32665","10103590","333391483705","5678305000000","5637997228830","171550000","코스피 200","331.12","4.99","1.53"
"2020/11/10","32575","5","-0.02","32655.80","32735","32735","32350","12650461","412139641855","5510061250000","5602102178312","169150000","코스피 200","326.13","0.30","0.09"
"2020/11/09","32580","405","1.26","32627.21","32485","32825","32465","9336664","304784454410","5398506000000","5518893213100","165700000","코스피 200","325.83","3.73","1.16"
"2020/11/06","32175","80","0.25","32251.90","32220","32420","32085","11045342","355771543870","5307266250000","5344140596992","164950000","코스피 200","322.10","0.59","0.18"
"2020/11/05","32095","690","2.20","32191.59","31600","32120","31535","8860281","283201114250","5103105000000","5310002332094","159000000","코스피 200","321.51","7.68","2.45"
"2020/11/04","31405","195","0.62","31423.61","31420","31580","31155","14605129","458259983560","4988684250000","4996353901730","158850000","코스피 200","313.83","1.76","0.56"
"2020/11/03","31210","610","1.99","31246.37","30725","31245","30720","6876811","214188575915","5007644500000","4963485089110","160450000","코스피 200","312.07","6.12","2.00"
"2020/11/02","30600","460","1.53","30634.17","30210","30630","30180","8295629","252968817600","4830210000000","4915252893371","157850000","코스피 200","305.95","4.35","1.44"
"2020/10/30","30140","840","-2.71","30199.05","30860","30875","30140","19945840","610157635395","4757599000000","4766920791217","157850000","코스피 200","301.60","8.34","-2.69"
"2020/10/29","30980","325","-1.04","31035.55","30915","31010","30635","9810541","302651349040","4890193000000","4898961536051","157850000","코스피 200","309.94","3.23","-1.03"
"2020/10/28","31355","165","0.53","31358.44","31075","31360","30980","5507810","171664210265","4982309500000","4949930443675","158900000","코스피 200","313.17","1.37","0.44"
"2020/10/27","31190","270","-0.86","31270.88","31235","31425","31120","7759718","242820999760","4971686000000","4968943122170","159400000","코스피 200","311.80","1.73","-0.55"
"2020/10/26","31460","60","-0.19","31444.19","31615","31725","31430","8527443","268706706245","5036746000000","5012204403178","160100000","코스피 200","313.53","1.26","-0.40"
"2020/10/23","31520","115","0.37","31570.67","31535","31625","31280","7466985","235252452235","5029016000000","5054463806497","159550000","코스피 200","314.79","1.02","0.33"
"2020/10/22","31405","215","-0.68","31468.24","31445","31460","31220","8665206","272002005455","5018519000000","5020757735734","159800000","코스피 200","313.77","1.99","-0.63"
"2020/10/21","31620","100","0.32","31669.32","31575","31710","31470","8601602","271862842125","4859994000000","5060758112195","153700000","코스피 200","315.76","1.05","0.33"
"2020/10/20","31520","220","0.70","31564.20","31165","31520","31050","9166339","287464980585","4761096000000","4851417855963","151050000","코스피 200","314.71","2.12","0.68"
"2020/10/19","31300","70","0.22","31352.20","31330","31550","31280","9345020","293454185270","4732560000000","4735749654838","151200000","코스피 200","312.59","0.76","0.24"
"2020/10/16","31230","185","-0.59","31277.33","31490","31560","31020","8785483","274792247775","4739152500000","4729132801688","151750000","코스피 200","311.83","2.09","-0.67"
"2020/10/15","31415","235","-0.74","31486.07","31595","31625","31275","7091175","222897842445","4866183500000","4778011788973","154900000","코스피 200","313.92","2.65","-0.84"
"2020/10/14","31650","315","-0.99","31751.75","32000","32020","31590","9113863","289558302105","4858275000000","4918345948320","153500000","코스피 200","316.57","3.01","-0.94"
"2020/10/13","31965","25","0.08","32052.75","32130","32170","31725","10130871","323534900145","5044077000000","4920097241496","157800000","코스피 200","319.58","0.43","0.13"
"2020/10/12","31940","130","0.41","32010.44","32015","32055","31845","8038874","256891377945","4912372000000","5051247471792","153800000","코스피 200","319.15","1.68","0.53"
"2020/10/08","31810","10","0.03","31843.14","32020","32080","31710","8573418","273238410475","4795357500000","4897475581389","150750000","코스피 200","317.47","0.12","0.04"
"2020/10/07","31800","305","0.97","31831.48","31300","31815","31255","6787573","214741822275","4585560000000","4798595946665","144200000","코스피 200","317.35","2.90","0.92"
"2020/10/06","31495","70","0.22","31541.78","31550","31710","31395","8756429","276362765820","4464416250000","4548324857144","141750000","코스피 200","314.45","0.94","0.30"
"2020/10/05","31425","340","1.09","31447.30","31070","31540","31015","9539416","299200627180","4265943750000","4457654683017","135750000","코스피 200","313.51","4.07","1.32"
"2020/09/29","31085","290","0.94","31041.70","31105","31195","30940","11352046","352364442960","4151401750000","4213910841683","133550000","코스피 200","309.44","2.41","0.78"
"2020/09/28","30795","445","1.47","30800.74","30645","30870","30525","6694635","205845046810","3924822750000","4113438821496","127450000","코스피 200","307.03","3.46","1.14"
"2020/09/25","30350","135","0.45","30396.34","30425","30490","30205","11753401","357229490620","3875695000000","3874013052594","127700000","코스피 200","303.57","1.09","0.36"
"2020/09/24","30215","715","-2.31","30287.46","30535","30645","30200","20693973","628669241060","4175713000000","3867708384224","138200000","코스피 200","302.48","7.16","-2.31"
"2020/09/23","30930","115","0.37","31004.16","31005","31085","30325","19878820","612058765255","4206480000000","4284774736039","136000000","코스피 200","309.64","0.82","0.27"
"2020/09/22","30815","735","-2.33","30922.10","31495","31560","30680","17549251","544449221080","4189299250000","4205405933687","135950000","코스피 200","308.82","7.07","-2.24"
"2020/09/21","31550","270","-0.85","31634.40","31780","32060","31465","8383712","266344134315","4410690000000","4300697292554","139800000","코스피 200","315.89","2.50","-0.79"
"2020/09/18","31820","105","0.33","31884.34","31850","31915","31625","8980905","285579013775","4438890000000","4457430289731","139500000","코스피 200","318.39","0.39","0.12"
"2020/09/17","31715","475","-1.48","31844.66","32120","32155","31655","12123444","386327450200","4543173750000","4442330744796","143250000","코스피 200","318.00","4.31","-1.34"
"2020/09/16","32190","90","-0.28","32276.26","32255","32380","32130","10288274","331715316735","4503381000000","4623574194646","139900000","코스피 200","322.31","1.05","-0.32"
"2020/09/15","32280","250","0.78","32381.08","32135","32310","32005","10677521","343790710170","4693512000000","4530113133883","145400000","코스피 200","323.36","2.38","0.74"
"2020/09/14","32030","425","1.34","32143.01","31885","32080","31815","7625773","244007284340","4831725500000","4673593854817","150850000","코스피 200","320.98","4.53","1.43"
"2020/09/11","31605","20","-0.06","31690.03","31475","31635","31285","10201920","321481123145","4819762500000","4780441236034","152500000","코스피 200","316.45","0.08","-0.03"
"2020/09/10","31625","300","0.96","31699.10","31625","31760","31530","8741013","276833110285","4919268750000","4834112422942","155550000","코스피 200","316.53","2.76","0.88"
"2020/09/09","31325","390","-1.23","31423.72","31335","31555","31270","10100726","317506678845","5016698750000","4887960029071","160150000","코스피 200","313.77","3.61","-1.14"
"2020/09/08","31715","400","1.28","31784.59","31580","31715","31450","11877933","375863090155","5215531750000","5090301310115","164450000","코스피 200","317.38","3.71","1.18"
"2020/09/07","31315","140","0.45","31414.25","31175","31410","31055","10257977","321296429115","5204553000000","5166073592625","166200000","코스피 200","313.67","1.64","0.53"
"2020/09/04","31175","440","-1.39","31251.85","30810","31225","30790","7887225","245587439495","5260781250000","5194056852208","168750000","코스피 200","312.03","4.40","-1.39"
"2020/09/03","31615","470","1.51","31692.18","31440","31730","31420","8461492","267568466595","5349258000000","5348055565476","169200000","코스피 200","316.43","4.93","1.58"
"2020/09/02","31145","160","0.52","31199.56","31195","31290","30840","7560477","235175552025","5244818000000","5278964970150","168400000","코스피 200","311.50","1.69","0.55"
"2020/09/01","30985","240","0.78","31029.79","30805","31100","30750","7493901","232158265330","5214775500000","5225416164320","168300000","코스피 200","309.81","2.67","0.87"
"2020/08/31","30745","505","-1.62","30762.55","31480","31615","30745","8711694","270217111590","5301975250000","5177337805624","172450000","코스피 200","307.14","5.10","-1.63"
"2020/08/28","31250","165","0.53","31273.94","31305","31600","31075","7408689","231775392300","5618750000000","5393190650782","179800000","코스피 200","312.24","0.86","0.28"
"2020/08/27","31085","280","-0.89","31187.66","31435","31485","31085","7345523","229356431665","5654361500000","5607542141636","181900000","코스피 200","311.38","2.81","-0.89"
"2020/08/26","31365","5","0.02","31468.86","31330","31490","30965","7714651","241362962975","5689611000000","5724185271078","181400000","코스피 200","314.19","0.60","0.19"
"2020/08/25","31360","405","1.31","31408.72","31180","31415","31040","8475635","265341636580","5663616000000","5697542710278","180600000","코스피 200","313.59","4.26","1.38"
"2020/08/24","30955","340","1.11","30982.67","30690","31010","30360","9377237","289646053025","5728222750000","5595471096779","185050000","코스피 200","309.33","3.17","1.04"
"2020/08/21","30615","455","1.51","30664.68","30510","30980","30305","8562418","262422357185","5573460750000","5674499535122","182050000","코스피 200","306.16","4.57","1.52"
"2020/08/20","30160","1210","-3.86","30207.72","31110","31255","30115","9622016","293183198560","5072912000000","5499315242724","168200000","코스피 200","301.59","11.95","-3.81"
"2020/08/19","31370","110","0.35","31404.05","31480","31690","31330","8223239","258416925395","5204283000000","5282161042021","165900000","코스피 200","313.54","0.70","0.22"
"2020/08/18","31260","660","-2.07","31333.91","32035","32170","31165","7648247","242144570675","4828107000000","5198295934125","154450000","코스피 200","312.84","6.40","-2.00"
"2020/08/14","31920","340","-1.05","31974.79","32215","32255","31635","9653402","308348550215","4990692000000","4938506846996","156350000","코스피 200","319.24","4.09","-1.26"
"2020/08/13","32260","15","-0.05","32384.64","32605","32625","31925","9597011","310917979215","4797062000000","5063338286198","148700000","코스피 200","323.33","0.65","0.20"
"2020/08/12","32275","175","0.55","32320.36","31985","32275","31735","9089171","291877071400","4930006250000","4806037530941","152750000","코스피 200","322.68","1.66","0.52"
"2020/08/11","32100","400","1.26","32155.00","31775","32275","31715","8920112","286112177005","5124765000000","4911676632518","159650000","코스피 200","321.02","4.25","1.34"
"2020/08/10","31700","465","1.49","31729.63","31180","31760","31145","8958091","281942868840","4915085000000","5065635158702","155050000","코스피 200","316.77","4.20","1.34"
"2020/08/07","31235","130","0.42","31311.15","31200","31395","30965","8117901","253287581460","4981982500000","4854793521401","159500000","코스피 200","312.57","1.25","0.40"
"2020/08/06","31105","485","1.58","31186.18","30720","31280","30720","9737686","302795119605","4986131500000","4974195918198","160300000","코스피 200","311.32","4.68","1.53"
"2020/08/05","30620","330","1.09","30716.77","30375","30625","30270","6970956","212885175265","5142629000000","4923898250134","167950000","코스피 200","306.64","3.60","1.19"
"2020/08/04","30290","360","1.20","30357.14","30110","30405","30105","6553108","198513064255","5175046500000","5098481705682","170850000","코스피 200","303.04","3.58","1.20"
"2020/08/03","29930","0","0.00","29998.47","29935","30015","29740","5779845","172983556030","5279652000000","5125239005146","176400000","코스피 200","299.46","0.14","0.05"
"2020/07/31","29930","240","-0.80","29984.92","30295","30415","29880","7041240","211601349945","5279652000000","5289339441863","176400000","코스피 200","299.32","2.53","-0.84"
"2020/07/30","30170","40","0.13","30238.62","30250","30400","30160","6405757","193759307905","5321988000000","5334092977247","176400000","코스피 200","301.85","0.60","0.20"
"2020/07/29","30185","155","0.52","30178.85","30030","30380","30005","7738550","233553480200","5391041000000","5323549155282","178600000","코스피 200","301.25","1.12","0.37"
"2020/07/28","30030","615","2.09","30122.55","29625","30190","29625","6583116","197285633740","5300295000000","5379887688383","176500000","코스피 200","300.13","6.62","2.26"
"2020/07/27","29415","280","0.96","29458.86","29085","29580","29070","6314605","185865666630","5419713750000","5199489299634","184250000","코스피 200","293.51","2.85","0.98"
"2020/07/24","29135","160","-0.55","29174.36","29050","29320","29005","5295252","154406698760","5344815750000","5375375420153","183450000","코스피 200","290.66","1.71","-0.58"
"2020/07/23","29295","175","-0.59","29344.99","29480","29480","29095","7666171","224456617610","5299465500000","5383338261012","180900000","코스피 200","292.37","1.67","-0.57"
"2020/07/22","29470","110","-0.37","29512.79","29570","29685","29420","7870260","232400637500","5397430500000","5338863154039","183150000","코스피 200","294.04","1.12","-0.38"
"2020/07/21","29580","425","1.46","29624.41","29420","29695","29390","7783442","230175332995","5405745000000","5425710456936","182750000","코스피 200","295.16","4.35","1.50"
"2020/07/20","29155","70","-0.24","29189.81","29310","29355","28965","6251010","182250414720","5272681750000","5334438216770","180850000","코스피 200","290.81","0.76","-0.26"
"2020/07/17","29225","220","0.76","29265.52","29045","29270","29040","7377264","215601656755","5063231250000","5292670039645","173250000","코스피 200","291.57","2.32","0.80"
"2020/07/16","29005","320","-1.09","29033.15","29325","29340","28920","7683914","223525728115","5074424750000","5029993064986","174950000","코스피 200","289.25","3.02","-1.03"
"2020/07/15","29325","290","1.00","29334.09","29350","29535","29175","8271873","242676286740","4961790000000","5131999497903","169200000","코스피 200","292.27","2.64","0.91"
"2020/07/14","29035","45","-0.15","29070.17","28875","29035","28755","7040841","203944953950","5104353000000","4918673063139","175800000","코스피 200","289.63","0.21","-0.07"
"2020/07/13","29080","545","1.91","29090.83","28830","29105","28725","6123517","177682805615","5046834000000","5114168543040","173550000","코스피 200","289.84","4.78","1.68"
"2020/07/10","28535","280","-0.97","28611.59","28870","28890","28405","7551985","215923580170","4953676000000","4965540992070","173600000","코스피 200","285.06","2.19","-0.76"
"2020/07/09","28815","135","0.47","28832.66","28825","29030","28785","7999963","231000214610","4937450250000","5005350467169","171350000","코스피 200","287.25","1.28","0.45"
"2020/07/08","28680","85","-0.30","28704.52","28765","28895","28600","8350106","239766840890","4845486000000","4918519892369","168950000","코스피 200","285.97","0.80","-0.28"
"2020/07/07","28765","350","-1.20","28783.46","29280","29365","28745","8036945","232707550035","4911623750000","4862964782709","170750000","코스피 200","286.77","3.85","-1.32"
"2020/07/06","29115","440","1.53","29169.60","28735","29180","28690","8976920","261069975140","4817076750000","4980709213855","165450000","코스피 200","290.62","4.73","1.65"
"2020/07/03","28675","235","0.83","28696.94","28550","28690","28400","5969979","170892500045","4688362500000","4747909294840","163500000","코스피 200","285.89","2.03","0.72"
"2020/07/02","28440","355","1.26","28494.70","28165","28440","28145","5244743","148790615965","4620078000000","4658883796564","162450000","코스피 200","283.86","3.60","1.28"
"2020/07/01","28085","15","0.05","28134.66","28385","28415","28005","7064646","199273333985","4615769750000","4570475812877","164350000","코스피 200","280.26","0.17","0.06"
"2020/06/30","28070","240","0.86","28115.48","28230","28430","28070","8825458","249037705370","4662427000000","4620778769244","166100000","코스피 200","280.09","2.05","0.74"
"2020/06/29","27830","455","-1.61","27909.88","27935","28195","27730","11620840","324683414770","4786760000000","4635831467318","172000000","코스피 200","278.04","5.34","-1.88"
"2020/06/26","28285","390","1.40","28376.36","28165","28425","28005","17767862","501953229890","4702381250000","4880734717661","166250000","코스피 200","283.38","3.65","1.30"
"2020/06/25","27895","720","-2.52","28013.00","28190","28375","27895","16722205","469360694385","4684965250000","4657162066173","167950000","코스피 200","279.73","6.97","-2.43"
"2020/06/24","28615","460","1.63","28710.85","28290","28780","28280","10043416","287719902920","4808750750000","4821987133753","168050000","코스피 200","286.70","4.76","1.69"
"2020/06/23","28155","75","0.27","28234.51","28310","28550","27880","13605697","383634593440","4728632250000","4744809417390","167950000","코스피 200","281.94","0.52","0.18"
"2020/06/22","28080","200","-0.71","28183.69","28025","28325","27985","7235378","203899423535","4745520000000","4733449976940","169000000","코스피 200","281.42","1.95","-0.69"
"2020/06/19","28280","100","0.35","28377.66","28450","28480","27805","10473952","294494979685","4831638000000","4795825254857","170850000","코스피 200","283.37","1.46","0.52"
"2020/06/18","28180","80","-0.28","28232.84","28135","28300","27955","8460740","238229559390","4739876000000","4823581003902","168200000","코스피 200","281.91","1.11","-0.39"
"2020/06/17","28260","80","-0.28","28343.94","28275","28465","27795","12947904","365334141400","4761810000000","4767450142351","168500000","코스피 200","283.02","0.43","0.15"
"2020/06/16","28340","1640","6.14","28299.73","27390","28340","27355","13674388","382420001575","4789460000000","4768505033433","169000000","코스피 200","282.59","14.64","5.46"
"2020/06/15","26700","1415","-5.03","26835.64","27800","28025","26700","19839278","542762769075","4772625000000","4535223180098","178750000","코스피 200","267.95","13.83","-4.91"
"2020/06/12","28115","585","-2.04","28219.79","27670","28185","27570","14498204","406619596825","5025556250000","5044286942014","178750000","코스피 200","281.78","6.84","-2.37"
"2020/06/11","28700","480","-1.64","28905.93","28950","29185","28390","11008509","316823650040","5130125000000","5166934566307","178750000","코스피 200","288.62","3.28","-1.12"
"2020/06/10","29180","90","0.31","29238.64","29080","29300","28965","5956101","173696539785","5516479000000","5226407210982","189050000","코스피 200","291.90","0.58","0.20"
"2020/06/09","29090","15","0.05","29181.17","29290","29485","28785","8090984","235481169635","5743820500000","5516699504263","197450000","코스피 200","291.32","0.55","0.19"
"2020/06/08","29075","40","-0.14","29126.35","29500","29635","28975","12853647","374612498545","5692885000000","5750997963487","195800000","코스피 200","290.77","0.15","0.05"
"2020/06/05","29115","480","1.68","29111.76","28565","29145","28480","12354444","357448947730","5598814500000","5700082482698","192300000","코스피 200","290.62","4.17","1.46"
"2020/06/04","28635","35","0.12","28698.70","28965","29280","28535","13622699","392584592305","5396265750000","5518760882816","188450000","코스피 200","286.45","0.54","0.19"
"2020/06/03","28600","1010","3.66","28640.86","27830","28775","27830","9242864","262899757045","5506930000000","5397370159854","192550000","코스피 200","285.91","9.83","3.56"
"2020/06/02","27590","285","1.04","27656.03","27305","27635","27240","8962275","246903863450","5304177500000","5325167671413","192250000","코스피 200","276.08","2.89","1.06"
"2020/06/01","27305","530","1.98","27366.71","26840","27305","26840","7635308","207590573010","5343588500000","5261249997720","195700000","코스피 200","273.19","4.87","1.81"
"2020/05/29","26775","50","-0.19","26877.98","26650","26950","26520","8025387","214767801550","5127412500000","5260021146651","191500000","코스피 200","268.32","0.03","0.01"
"2020/05/28","26825","80","0.30","26875.53","26940","27110","26510","11259761","302448800590","5147717500000","5146663609010","191900000","코스피 200","268.29","0.65","0.24"
"2020/05/27","26745","15","0.06","26811.14","26605","26885","26555","9678327","258904588175","5114981250000","5145057155373","191250000","코스피 200","267.64","0.33","0.12"
"2020/05/26","26730","475","1.81","26778.96","26295","26730","26280","8550753","227638934175","5057316000000","5121475661890","189200000","코스피 200","267.31","4.55","1.73"
"2020/05/25","26255","325","1.25","26322.87","26070","26260","25885","7870015","205857149325","5077717000000","4980286743861","193400000","코스피 200","262.76","3.14","1.21"
"2020/05/22","25930","445","-1.69","26007.28","26375","26410","25815","8722528","227066773780","5056350000000","5029807719119","195000000","코스피 200","259.62","4.12","-1.56"
"2020/05/21","26375","115","0.44","26421.60","26420","26465","26300","7349419","193986066890","5091693750000","5152211602085","193050000","코스피 200","263.74","1.02","0.39"
"2020/05/20","26260","60","0.23","26317.98","26095","26335","26075","7803384","204979932360","5040607000000","5080686435487","191950000","코스피 200","262.72","0.93","0.36"
"2020/05/19","26200","660","2.58","26224.58","26110","26260","26020","6511539","170263159445","5080180000000","5033807435152","193900000","코스피 200","261.79","6.35","2.49"
"2020/05/18","25540","165","0.65","25587.53","25505","25620","25285","8440792","215326237460","4986685000000","4961422774582","195250000","코스피 200","255.44","1.65","0.65"
"2020/05/15","25375","60","0.24","25421.91","25525","25525","25190","8330517","211441738440","4989993750000","4963628159395","196650000","코스피 200","253.79","0.14","0.06"
"2020/05/14","25315","270","-1.06","25406.88","25350","25420","25170","6845402","173302141315","5211092750000","4996263123989","205850000","코스피 200","253.65","2.20","-0.86"
"2020/05/13","25585","290","1.15","25629.14","25000","25585","24965","8804409","223528100345","5325517750000","5275758788224","208150000","코스피 200","255.85","2.48","0.98"
"2020/05/12","25295","180","-0.71","25381.76","25505","25530","25075","12606799","319148266145","5252506750000","5283213011452","207650000","코스피 200","253.37","1.58","-0.62"
"2020/05/11","25475","185","-0.72","25539.66","25720","25885","25440","5840969","149771545670","5297526250000","5303309822368","207950000","코스피 200","254.95","1.67","-0.65"
"2020/05/08","25660","220","0.86","25708.59","25610","25845","25610","6344169","163324668255","5273130000000","5346100787035","205500000","코스피 200","256.62","2.16","0.85"
"2020/05/07","25440","60","-0.24","25491.31","25405","25625","25315","8295859","211260595095","5325864000000","5238464569452","209350000","코스피 200","254.46","0.54","-0.21"
"2020/05/06","25500","465","1.86","25546.57","25500","25500","25125","9817501","249090154390","5176500000000","5348174793564","203000000","코스피 200","255.00","4.40","1.76"
"2020/05/04","25035","785","-3.04","25106.00","25320","25385","25000","16246928","408545185190","5010755250000","5096517916935","200150000","코스피 200","250.60","7.55","-2.92"
"2020/04/29","25820","170","0.66","25862.75","25680","25995","25605","9920999","256510643140","5167873000000","5176429184649","200150000","코스피 200","258.15","1.76","0.69"
"2020/04/28","25650","155","0.61","25687.46","25590","25740","25335","8888687","227371394475","5133847500000","5141344231111","200150000","코스피 200","256.39","1.55","0.61"
"2020/04/27","25920","505","1.99","25531.16","25505","26020","25465","6073175","156654195940","5333040000000","5110062166266","205750000","코스피 200","254.84","4.56","1.82"
"2020/04/24","25415","385","-1.49","25496.28","25650","25705","25300","5665238","144594966020","5407041250000","5245858721626","212750000","코스피 200","250.28","3.46","-1.36"
"2020/04/23","25800","250","0.98","25845.39","25710","25950","25555","16564812","426839051715","5626980000000","5498606372717","218100000","코스피 200","253.74","1.86","0.74"
"2020/04/22","25550","220","0.87","25659.58","24990","25650","24855","20758778","522698482945","5684875000000","5596354655458","222500000","코스피 200","251.88","2.48","0.99"
"2020/04/21","25330","285","-1.11","25410.92","25490","25595","24910","19428876","490227794510","5753709500000","5653929164562","227150000","코스피 200","249.40","2.74","-1.09"
"2020/04/20","25615","310","-1.20","25688.18","25890","25980","25545","10896948","280572497790","5741602250000","5835070050759","224150000","코스피 200","252.14","2.88","-1.13"
"2020/04/17","25925","765","3.04","25977.69","25675","26135","25650","14393872","370803240965","5913492500000","5822898882906","228100000","코스피 200","255.02","7.92","3.21"
"2020/04/16","25160","0","0.00","25184.13","24895","25205","24750","10387408","260376952205","5910084000000","5744499565585","234900000","코스피 200","247.10","0.35","-0.14"
"2020/04/14","25160","430","1.74","25218.16","24940","25295","24855","18968821","476992431105","5996886000000","5923745178280","238350000","코스피 200","247.45","4.05","1.66"
"2020/04/13","24730","430","-1.71","24809.92","25085","25085","24720","29125922","724138191660","5988369500000","5913444343575","242150000","코스피 200","243.40","4.60","-1.85"
"2020/04/10","25160","210","0.84","25273.41","24900","25195","24820","12118561","303363726975","6240938000000","6119955220726","248050000","코스피 200","248.00","2.39","0.97"
"2020/04/09","24950","390","1.59","25035.30","24990","25030","24685","20087230","499712960255","6253717500000","6210005972044","250650000","코스피 200","245.61","3.72","1.54"
"2020/04/08","24560","365","-1.46","24662.09","24795","25115","24560","13752160","340668743295","6025796000000","6181553230255","245350000","코스피 200","241.89","2.98","-1.22"
"2020/04/07","24925","385","1.57","24963.33","24910","25190","24495","13142304","326408508810","6050543750000","6124754200511","242750000","코스피 200","244.87","4.06","1.69"
"2020/04/06","24540","940","3.98","24555.96","23835","24580","23810","13525642","328616077185","5917821000000","5960958354995","241150000","코스피 200","240.81","9.11","3.93"
"2020/04/03","23600","60","-0.25","23640.95","23710","23865","23315","14820692","349796180190","5815040000000","5701015557099","246400000","코스피 200","231.70","0.14","-0.06"
"2020/04/02","23660","705","3.07","23655.28","23075","23665","22755","14879115","345997260910","5858216000000","5828660392118","247600000","코스피 200","231.84","5.49","2.43"
"2020/04/01","22955","1130","-4.69","23105.09","23870","24145","22955","18755243","444260465165","5658407500000","5720820098015","246500000","코스피 200","226.35","10.47","-4.42"
"2020/03/31","24085","420","1.77","24157.52","23815","24140","23640","11805006","282709319805","5880352750000","5954829867553","244150000","코스피 200","236.82","4.37","1.88"
"2020/03/30","23665","140","-0.59","23717.25","23060","23910","22915","15830905","370858103980","5797925000000","5790566033640","245000000","코스피 200","232.45","1.34","-0.57"
"2020/03/27","23805","560","2.41","23795.57","24230","24350","23010","18297580","433561556165","5884596000000","5829913803309","247200000","코스피 200","233.79","4.45","1.94"
"2020/03/26","23245","460","-1.94","23345.11","23695","24050","22885","16524210","390254171255","5722919000000","5770910318973","246200000","코스피 200","229.34","3.55","-1.52"
"2020/03/25","23705","1285","5.73","23694.29","23090","23760","22780","35369755","827546258405","5912027000000","5833533325039","249400000","코스피 200","232.89","12.55","5.70"
"2020/03/24","22420","1905","9.29","22433.78","21100","22420","20795","19045947","413923240555","5608363000000","5594983785281","250150000","코스피 200","220.34","18.47","9.15"
"2020/03/23","20515","1280","-5.87","20593.25","20230","21020","20190","22468822","462684250430","4980016250000","5151400595815","242750000","코스피 200","201.87","11.80","-5.52"
"2020/03/20","21795","1555","7.68","21779.11","20825","21795","20385","40017034","853305336845","5346313500000","5286878806047","245300000","코스피 200","213.67","14.39","7.22"
"2020/03/19","20240","1600","-7.33","20334.43","22335","22490","19945","58833336","1212637369305","4981064000000","4988036609856","246100000","코스피 200","199.28","16.55","-7.67"
"2020/03/18","21840","1270","-5.50","21991.03","23120","23295","21840","28297687","638998853500","5300568000000","5411993322375","242700000","코스피 200","215.83","11.06","-4.87"
"2020/03/17","23110","530","-2.24","23102.46","22775","23815","22595","47261837","1093133558135","5641151000000","5606968211113","244100000","코스피 200","226.89","6.08","-2.61"
"2020/03/16","23640","890","-3.63","23709.34","24700","24970","23570","40169708","961569029905","5587314000000","5787448894688","236350000","코스피 200","232.97","7.68","-3.19"
"2020/03/13","24530","650","-2.58","24484.14","23225","25045","23060","33779250","816926321950","5767003000000","5786825592155","235100000","코스피 200","240.65","6.97","-2.81"
"2020/03/12","25180","875","-3.36","25175.70","25860","25910","24700","27452828","691470873340","6031869000000","5918806058497","239550000","코스피 200","247.62","9.39","-3.65"
"2020/03/11","26055","800","-2.98","26120.85","26810","26870","25945","18777209","493214273885","6400410750000","6257248898487","245650000","코스피 200","257.01","7.66","-2.89"
"2020/03/10","26855","150","0.56","26888.98","26660","26940","26495","22616889","606542343200","6651983500000","6605278608204","247700000","코스피 200","264.67","1.56","0.59"
"2020/03/09","26705","1175","-4.21","26728.72","27000","27120","26525","14239886","381194551410","6574771000000","6620703744380","246200000","코스피 200","263.11","11.99","-4.36"
"2020/03/06","27880","570","-2.00","27932.29","28075","28190","27745","9932090","276873436715","6809690000000","6876929214684","244250000","코스피 200","275.10","6.28","-2.23"
"2020/03/05","28450","250","0.89","28556.05","28370","28580","28125","7628273","216752214300","6913350000000","6974815325239","243000000","코스피 200","281.38","3.25","1.17"
"2020/03/04","28200","625","2.27","28238.76","27360","28245","27360","6264173","175952144945","6899130000000","6862018391599","244650000","코스피 200","278.13","6.57","2.42"
"2020/03/03","27575","125","0.46","27581.93","28065","28130","27440","9381632","260291944420","6775177500000","6747919966461","245700000","코스피 200","271.56","1.19","0.44"
"2020/03/02","27450","260","0.96","27458.11","27325","27615","26980","14261805","390787490140","6727995000000","6746457108965","245100000","코스피 200","270.37","2.35","0.88"
"2020/02/28","27190","905","-3.22","27223.98","27685","27780","27135","21569026","589262152440","6551430500000","6672597855589","240950000","코스피 200","268.02","9.07","-3.27"
"2020/02/27","28095","295","-1.04","28135.31","28380","28470","28000","12999942","366160013885","6829894500000","6779203881297","243100000","코스피 200","277.09","2.85","-1.02"
"2020/02/26","28390","420","-1.46","28418.76","28390","28565","28185","10156099","288247528790","6925740500000","6908599506261","243950000","코스피 200","279.94","4.30","-1.51"
"2020/02/25","28810","315","1.11","28850.43","28480","28820","28350","12962540","372508277700","7232750500000","7038061295265","251050000","코스피 200","284.24","3.22","1.15"
"2020/02/24","28495","1115","-3.77","28531.99","29110","29110","28475","13008286","373179238725","7116626250000","7162956832167","249750000","코스피 200","281.02","11.40","-3.90"
"2020/02/21","29610","430","-1.43","29663.71","29620","29880","29540","9081063","269455861360","7448395500000","7408512564948","251550000","코스피 200","292.42","4.23","-1.43"
"2020/02/20","30040","155","-0.51","30097.02","30390","30480","29860","5903424","177760942025","7789372000000","7570905963523","259300000","코스피 200","296.65","1.68","-0.56"
"2020/02/19","30195","55","0.18","30261.98","30300","30360","29915","7434476","224348850035","7748037000000","7846930933860","256600000","코스피 200","298.33","0.59","0.20"
"2020/02/18","30140","485","-1.58","30199.99","30400","30470","30095","8312299","251086227760","7862019000000","7749318527667","260850000","코스피 200","297.74","5.02","-1.66"
"2020/02/17","30625","25","-0.08","30706.20","30600","30760","30470","4963297","152131992400","8062031250000","8009711647526","263250000","코스피 200","302.76","0.25","-0.08"
"2020/02/14","30650","185","0.61","30729.14","30410","30770","30265","7689460","235692432405","8044092500000","8089444877921","262450000","코스피 200","303.01","2.08","0.69"
"2020/02/13","30465","75","-0.25","30522.68","30610","30790","30385","7663996","234494470835","8135678250000","8010678025788","267050000","코스피 200","300.93","0.61","-0.20"
"2020/02/12","30540","250","0.83","30585.05","30255","30590","30170","6612638","201478104705","8251908000000","8167738221605","270200000","코스피 200","301.54","2.26","0.76"
"2020/02/11","30290","290","0.97","30359.80","30095","30480","30095","7530168","228436142630","8232822000000","8203216721229","271800000","코스피 200","299.28","3.04","1.03"
"2020/02/10","30000","160","-0.53","30056.64","29815","30030","29690","5082298","152268981685","8079000000000","8169393397253","269300000","코스피 200","296.24","1.97","-0.66"
"2020/02/07","30160","255","-0.84","30250.53","30350","30350","29970","6169272","186213217520","8245744000000","8146466919425","273400000","코스피 200","298.21","2.44","-0.81"
"2020/02/06","30415","880","2.98","30493.97","29855","30465","29810","7722910","233843429150","8703252250000","8337050663747","286150000","코스피 200","300.65","8.63","2.96"
"2020/02/05","29535","145","0.49","29631.81","29690","29765","29380","8868720","262268895505","8445533250000","8479141130718","285950000","코스피 200","292.02","1.34","0.46"
"2020/02/04","29390","495","1.71","29497.41","28900","29475","28875","16169654","475391340380","8461381000000","8434784897997","287900000","코스피 200","290.68","5.63","1.98"
"2020/02/03","28895","30","0.10","28938.98","28540","28995","28400","8098264","232671980120","8563033250000","8331533645917","296350000","코스피 200","285.05","0.52","0.18"
"2020/01/31","28865","310","-1.06","28888.84","29370","29485","28865","6526581","189560312070","8554142750000","8561208319156","296350000","코스피 200","284.53","3.84","-1.33"
"2020/01/30","29175","560","-1.88","29270.53","29695","29765","29095","8272628","242771928840","8646011250000","8674322257069","296350000","코스피 200","288.37","5.61","-1.91"
"2020/01/29","29785","100","0.34","29833.51","29815","29940","29635","2968338","88507318425","8922096750000","8841159570085","299550000","코스피 200","293.98","1.21","0.41"
"2020/01/28","29685","930","-3.04","29760.57","29900","30055","29535","8162182","242649132850","9085094250000","8914779098066","306050000","코스피 200","292.77","9.56","-3.16"
"2020/01/23","30615","405","-1.31","30719.40","30820","30860","30590","5616217","172368165310","9274814250000","9401673126762","302950000","코스피 200","302.33","3.75","-1.23"
"2020/01/22","31020","405","1.32","31095.89","30550","31050","30535","6071067","187861843740","9439386000000","9420500237144","304300000","코스피 200","306.08","3.97","1.31"
"2020/01/21","30615","345","-1.11","30698.95","30935","30995","30580","6020932","184798549780","9533511000000","9341689054953","311400000","코스피 200","302.11","3.47","-1.14"
"2020/01/20","30960","230","0.75","31040.84","30865","31135","30850","5988445","185769227365","9814320000000","9666118898369","317000000","코스피 200","305.58","2.28","0.75"
"2020/01/17","30730","70","0.23","30816.58","30815","30995","30665","12015359","369991747855","9756775000000","9768856738345","317500000","코스피 200","303.30","0.52","0.17"
"2020/01/16","30660","310","1.02","30764.95","30350","30670","30315","6501932","198832316225","9706956000000","9767872964190","316600000","코스피 200","302.78","3.04","1.01"
"2020/01/15","30350","180","-0.59","30458.78","30460","30500","30300","4884428","148403424555","9627020000000","9643248241474","317200000","코스피 200","299.74","1.79","-0.59"
"2020/01/14","30530","145","0.48","30639.87","30545","30740","30505","5973830","182916631100","9792497500000","9718967692947","320750000","코스피 200","301.53","1.40","0.47"
"2020/01/13","30385","310","1.03","30496.57","30075","30405","30055","5358828","162610332905","9733834750000","9781775427530","320350000","코스피 200","300.13","3.07","1.03"
"2020/01/10","30075","245","0.82","30192.95","29830","30100","29825","10309217","310409797585","9604451250000","9672310009245","319350000","코스피 200","297.06","2.65","0.90"
"2020/01/09","29830","490","1.67","29923.84","29745","29830","29635","4573148","136297519215","9602277000000","9556177249763","321900000","코스피 200","294.41","4.99","1.72"
"2020/01/08","29340","190","-0.64","29428.39","29305","29500","29150","6391090","187684015065","9390267000000","9472997477499","320050000","코스피 200","289.42","1.81","-0.62"
"2020/01/07","29530","295","1.01","29610.48","29430","29645","29360","5533809","163576083195","9659263000000","9476833480889","327100000","코스피 200","291.23","2.80","0.97"
"2020/01/06","29235","225","-0.76","29329.73","29255","29340","29175","5762210","168608662090","9282112500000","9593753720301","317500000","코스피 200","288.43","2.31","-0.79"
"2020/01/03","29460","5","-0.02","29561.03","29725","29890","29305","7936853","234588035165","9562716000000","9385627914087","324600000","코스피 200","290.74","0.39","0.13"
"2020/01/02","29465","315","-1.06","29522.38","29805","29880","29410","4789390","141514571910","9206339250000","9582963771672","312450000","코스피 200","290.35","3.42","-1.16"